Município,UF,Área destinada à colheita de Arábica,Área destinada à colheita de Canephora,Área colhida de Arábica,Área colhida de Canephora,Toneladas produzidas de Arábica,Toneladas produzidas de Canephora,Rendimento médio da produção (Quilogramas por Hectare) Arábica,Rendimento médio da produção (Quilogramas por Hectare) Canephora,Valor da produção (Mil Reais) Arábica,Valor da produção (Mil Reais) Canephora
Alta Floresta D'Oeste,RO,0,4055,0,4055,0,15362,0,3788,0,261745
Ariquemes,RO,0,370,0,370,0,1049,0,2835,0,16530
Cabixi,RO,0,24,0,24,0,72,0,3000,0,1257
Cacoal,RO,0,4990,0,4990,0,17664,0,3540,0,299228
Cerejeiras,RO,0,29,0,29,0,100,0,3448,0,1771
Colorado do Oeste,RO,0,35,0,35,0,84,0,2400,0,1478
Corumbiara,RO,0,25,0,25,0,50,0,2000,0,830
Costa Marques,RO,0,185,0,175,0,581,0,3320,0,10119
Espigão D'Oeste,RO,0,580,0,580,0,2148,0,3703,0,36752
Guajará-Mirim,RO,0,62,0,62,0,185,0,2984,0,4391
Jaru,RO,0,163,0,163,0,596,0,3656,0,9059
Ji-Paraná,RO,0,72,0,72,0,274,0,3806,0,4910
Machadinho D'Oeste,RO,0,1380,0,1380,0,4776,0,3461,0,76337
Nova Brasilândia D'Oeste,RO,0,6900,0,6900,0,27683,0,4012,0,468235
Ouro Preto do Oeste,RO,0,440,0,370,0,1104,0,2984,0,18151
Pimenta Bueno,RO,0,200,0,200,0,540,0,2700,0,8826
Porto Velho,RO,0,2595,0,2595,0,6837,0,2635,0,115133
Presidente Médici,RO,0,265,0,265,0,1064,0,4015,0,19514
Rio Crespo,RO,0,112,0,112,0,331,0,2955,0,5367
Rolim de Moura,RO,0,1420,0,1420,0,5451,0,3839,0,99326
Santa Luzia D'Oeste,RO,0,700,0,700,0,2464,0,3520,0,41685
Vilhena,RO,0,38,0,37,0,104,0,2811,0,1757
São Miguel do Guaporé,RO,0,4175,0,4175,0,16094,0,3855,0,281646
Nova Mamoré,RO,0,260,0,260,0,615,0,2365,0,12208
Alvorada D'Oeste,RO,0,1290,0,1290,0,5394,0,4181,0,97658
Alto Alegre dos Parecis,RO,0,4088,0,4088,0,15351,0,3755,0,260929
Alto Paraíso,RO,0,344,0,344,0,959,0,2788,0,14851
Buritis,RO,0,4450,0,4450,0,10635,0,2390,0,170605
Novo Horizonte do Oeste,RO,0,1630,0,1630,0,5980,0,3669,0,101397
Cacaulândia,RO,0,36,0,36,0,58,0,1611,0,909
Campo Novo de Rondônia,RO,0,430,0,430,0,837,0,1947,0,14062
Candeias do Jamari,RO,0,197,0,197,0,837,0,4249,0,16974
Castanheiras,RO,0,90,0,90,0,345,0,3833,0,5839
Chupinguaia,RO,0,48,0,48,0,109,0,2271,0,1711
Cujubim,RO,0,250,0,250,0,910,0,3640,0,14537
Governador Jorge Teixeira,RO,0,270,0,270,0,954,0,3533,0,16313
Itapuã do Oeste,RO,0,39,0,39,0,102,0,2615,0,2318
Ministro Andreazza,RO,0,1395,0,1395,0,5235,0,3753,0,87915
Mirante da Serra,RO,0,460,0,460,0,1920,0,4174,0,34925
Monte Negro,RO,0,212,0,212,0,701,0,3307,0,11871
Nova União,RO,0,100,0,100,0,362,0,3620,0,6355
Parecis,RO,0,420,0,420,0,1512,0,3600,0,25700
Pimenteiras do Oeste,RO,0,18,0,18,0,39,0,2167,0,748
Primavera de Rondônia,RO,0,180,0,180,0,590,0,3278,0,9966
São Felipe D'Oeste,RO,0,207,0,207,0,780,0,3768,0,13150
São Francisco do Guaporé,RO,0,783,0,783,0,3217,0,4109,0,56352
Seringueiras,RO,0,1321,0,1321,0,5003,0,3787,0,88553
Teixeirópolis,RO,0,46,0,46,0,124,0,2696,0,2176
Theobroma,RO,0,320,0,320,0,1248,0,3900,0,19261
Urupá,RO,0,118,0,118,0,358,0,3034,0,5987
Vale do Anari,RO,0,330,0,330,0,1065,0,3227,0,17501
Vale do Paraíso,RO,0,120,0,120,0,379,0,3158,0,6806
Acrelândia,AC,0,550,0,550,0,1725,0,3136,0,26387
Assis Brasil,AC,0,45,0,45,0,67,0,1489,0,972
Brasiléia,AC,0,80,0,80,0,176,0,2200,0,2464
Bujari,AC,0,4,0,4,0,7,0,1750,0,102
Capixaba,AC,0,7,0,7,0,10,0,1429,0,142
Cruzeiro do Sul,AC,0,32,0,32,0,113,0,3531,0,1538
Epitaciolândia,AC,0,35,0,35,0,56,0,1600,0,812
Feijó,AC,0,42,0,42,0,81,0,1929,0,715
Mâncio Lima,AC,0,75,0,75,0,341,0,4547,0,4399
Manoel Urbano,AC,0,60,0,60,0,102,0,1700,0,1530
Plácido de Castro,AC,0,45,0,45,0,68,0,1511,0,986
Porto Walter,AC,0,9,0,9,0,30,0,3333,0,402
Rio Branco,AC,0,5,0,5,0,6,0,1200,0,84
Senador Guiomard,AC,0,40,0,40,0,104,0,2600,0,1560
Sena Madureira,AC,0,31,0,31,0,105,0,3387,0,1579
Xapuri,AC,0,40,0,40,0,56,0,1400,0,790
Porto Acre,AC,0,15,0,15,0,32,0,2133,0,462
Apuí,AM,0,250,0,250,0,350,0,1400,0,1575
Autazes,AM,0,6,0,6,0,6,0,1000,0,36
Boca do Acre,AM,0,4,0,4,0,7,0,1750,0,25
Borba,AM,0,3,0,3,0,4,0,1333,0,24
Canutama,AM,0,10,0,10,0,14,0,1400,0,140
Carauari,AM,0,2,0,1,0,1,0,1000,0,4
Careiro,AM,0,5,0,5,0,9,0,1800,0,60
Coari,AM,0,20,0,20,0,25,0,1250,0,213
Envira,AM,0,16,0,16,0,19,0,1188,0,182
Humaitá,AM,0,260,0,260,0,380,0,1462,0,3800
Itacoatiara,AM,0,7,0,7,0,7,0,1000,0,28
Lábrea,AM,0,66,0,66,0,83,0,1258,0,623
Nova Olinda do Norte,AM,0,6,0,6,0,8,0,1333,0,40
Presidente Figueiredo,AM,0,10,0,10,0,14,0,1400,0,116
Rio Preto da Eva,AM,0,45,0,45,0,63,0,1400,0,756
São Paulo de Olivença,AM,0,1,0,1,0,1,0,1000,0,7
São Sebastião do Uatumã,AM,0,4,0,4,0,5,0,1250,0,20
Silves,AM,0,7,0,7,0,50,0,7143,0,720
Abaetetuba,PA,0,20,0,20,0,16,0,800,0,245
Almeirim,PA,0,25,0,25,0,25,0,1000,0,621
Baião,PA,0,30,0,30,0,15,0,500,0,300
Cametá,PA,0,16,0,16,0,10,0,625,0,200
Moju,PA,0,5,0,5,0,5,0,1000,0,80
Pacajá,PA,0,20,0,20,0,19,0,950,0,295
Prainha,PA,0,15,0,15,0,3,0,200,0,67
Trairão,PA,0,6,0,6,0,4,0,667,0,62
Luzinópolis,TO,0,4,0,4,0,10,0,2500,0,200
Alcântaras,CE,2,0,0,0,0,0,0,0,0,0
Aratuba,CE,24,0,24,0,6,0,250,0,120,0
Baturité,CE,15,0,15,0,3,0,200,0,57,0
Guaraciaba do Norte,CE,10,0,10,0,5,0,500,0,60,0
Guaramiranga,CE,143,0,143,0,54,0,378,0,1074,0
Ibiapina,CE,30,0,30,0,14,0,467,0,170,0
Ipu,CE,5,0,5,0,2,0,400,0,25,0
Ipueiras,CE,10,0,10,0,3,0,300,0,37,0
Massapê,CE,5,0,5,0,3,0,600,0,26,0
Meruoca,CE,4,0,4,0,3,0,750,0,23,0
Mulungu,CE,614,0,614,0,220,0,358,0,4407,0
Pacoti,CE,48,0,48,0,18,0,375,0,402,0
Reriutaba,CE,2,0,2,0,1,0,500,0,12,0
São Benedito,CE,122,0,122,0,62,0,508,0,789,0
Tianguá,CE,180,20,180,20,80,9,444,450,1004,103
Ubajara,CE,8,8,8,8,6,6,750,750,75,69
Uruburetama,CE,2,0,2,0,1,0,500,0,6,0
Viçosa do Ceará,CE,30,0,30,0,14,0,467,0,174,0
Jaçanã,RN,3,0,3,0,7,0,2333,0,105,0
São José de Princesa,PB,20,0,20,0,24,0,1200,0,360,0
Serraria,PB,2,0,2,0,2,0,1000,0,36,0
Brejo da Madre de Deus,PE,10,0,10,0,4,0,400,0,32,0
Exu,PE,15,0,5,0,2,0,400,0,30,0
Garanhuns,PE,25,0,25,0,18,0,720,0,277,0
Paranatama,PE,30,0,30,0,15,0,500,0,300,0
Saloá,PE,50,0,50,0,45,0,900,0,956,0
Santa Cruz da Baixa Verde,PE,2,0,2,0,1,0,500,0,8,0
Taquaritinga do Norte,PE,700,0,700,0,420,0,600,0,10500,0
Triunfo,PE,90,0,90,0,36,0,400,0,360,0
Vertentes,PE,60,0,60,0,32,0,533,0,933,0
Jundiá,AL,0,2,0,2,0,4,0,2000,0,100
Abaíra,BA,145,0,145,0,112,0,772,0,1792,0
Érico Cardoso,BA,5,0,5,0,3,0,600,0,37,0
Aiquara,BA,2,0,2,0,1,0,500,0,11,0
Alcobaça,BA,0,1000,0,1000,0,3180,0,3180,0,57136
Almadina,BA,0,84,0,84,0,126,0,1500,0,1960
Amargosa,BA,31,0,31,0,19,0,613,0,218,0
Antônio Gonçalves,BA,5,0,5,0,3,0,600,0,41,0
Arataca,BA,0,550,0,550,0,1076,0,1956,0,20229
Barra da Estiva,BA,10102,0,10102,0,15600,0,1544,0,285480,0
Barra do Choça,BA,16000,0,16000,0,14896,0,931,0,339867,0
Barra do Mendes,BA,90,0,90,0,51,0,567,0,571,0
Barreiras,BA,3536,0,3536,0,8465,0,2394,0,169300,0
Barro Preto,BA,0,11,0,11,0,23,0,2091,0,367
Belmonte,BA,0,177,0,177,0,398,0,2249,0,4048
Belo Campo,BA,10,0,10,0,6,0,600,0,72,0
Boa Nova,BA,14,0,14,0,6,0,429,0,132,0
Boninal,BA,7,0,7,0,10,0,1429,0,142,0
Bonito,BA,7231,0,7231,0,7007,0,969,0,126126,0
Brejões,BA,1204,0,1204,0,902,0,749,0,12734,0
Buerarema,BA,0,10,0,10,0,14,0,1400,0,224
Caatiba,BA,4,0,4,0,3,0,750,0,43,0
Caculé,BA,1,0,1,0,1,0,1000,0,12,0
Caetité,BA,10,0,10,0,6,0,600,0,70,0
Camacan,BA,0,900,0,900,0,1397,0,1552,0,25146
Camamu,BA,0,99,0,99,0,157,0,1586,0,2493
Canavieiras,BA,0,334,0,334,0,751,0,2249,0,12048
Cândido Sales,BA,45,0,45,0,34,0,756,0,680,0
Caravelas,BA,0,1100,0,1100,0,2599,0,2363,0,46921
Coaraci,BA,0,49,0,49,0,89,0,1816,0,1350
Cocos,BA,832,0,832,0,1997,0,2400,0,40939,0
Contendas do Sincorá,BA,251,0,251,0,161,0,641,0,3381,0
Cravolândia,BA,1,0,1,0,1,0,1000,0,14,0
Dário Meira,BA,2,0,2,0,1,0,500,0,11,0
Encruzilhada,BA,5562,0,5562,0,3832,0,689,0,76640,0
Eunápolis,BA,0,4068,0,4068,0,12525,0,3079,0,235470
Floresta Azul,BA,0,25,0,25,0,41,0,1640,0,656
Gandu,BA,0,13,0,13,0,11,0,846,0,171
Gongogi,BA,3,0,3,0,2,0,667,0,22,0
Guaratinga,BA,0,1611,0,1611,0,2932,0,1820,0,52776
Ibicaraí,BA,0,15,0,15,0,23,0,1533,0,368
Ibicoara,BA,6200,0,6200,0,9300,0,1500,0,134850,0
Ibicuí,BA,20,0,20,0,17,0,850,0,272,0
Ibirapitanga,BA,0,59,0,59,0,55,0,932,0,860
Ibirapuã,BA,0,238,0,238,0,521,0,2189,0,8282
Ibirataia,BA,4,0,4,0,2,0,500,0,22,0
Ibitiara,BA,4,0,4,0,2,0,500,0,20,0
Igaporã,BA,10,0,10,0,5,0,500,0,55,0
Iguaí,BA,94,0,94,0,83,0,883,0,952,0
Ilhéus,BA,0,249,0,249,0,643,0,2582,0,9892
Ipiaú,BA,20,0,20,0,17,0,850,0,340,0
Irajuba,BA,60,0,60,0,47,0,783,0,671,0
Iramaia,BA,180,0,180,0,111,0,617,0,2420,0
Iraquara,BA,1000,0,1000,0,480,0,480,0,10560,0
Itabela,BA,0,4714,0,4714,0,13265,0,2814,0,238770
Itacaré,BA,0,42,0,42,0,73,0,1738,0,1207
Itagibá,BA,0,3,0,3,0,3,0,1000,0,48
Itagimirim,BA,0,16,0,16,0,27,0,1688,0,429
Itajuípe,BA,0,71,0,71,0,115,0,1620,0,1845
Itamaraju,BA,0,7500,0,7500,0,26100,0,3480,0,471200
Itamari,BA,9,7,9,7,6,11,667,1571,94,158
Itambé,BA,231,0,231,0,190,0,823,0,2257,0
Itanhém,BA,0,728,0,728,0,1950,0,2679,0,35100
Itapé,BA,0,6,0,6,0,11,0,1833,0,176
Itapebi,BA,0,56,0,56,0,93,0,1661,0,1473
Itapitanga,BA,0,15,0,15,0,27,0,1800,0,433
Itaquara,BA,6,0,6,0,9,0,1500,0,122,0
Itiruçu,BA,321,0,321,0,216,0,673,0,3031,0
Itiúba,BA,2,0,2,0,2,0,1000,0,28,0
Ituaçu,BA,4285,0,4285,0,6650,0,1552,0,136059,0
Jacaraci,BA,7,0,7,0,4,0,571,0,80,0
Jaguaquara,BA,93,0,93,0,65,0,699,0,919,0
Jaguaripe,BA,0,6,0,6,0,9,0,1500,0,133
Jucuruçu,BA,0,1100,0,1100,0,1716,0,1560,0,30832
Jussari,BA,0,100,0,100,0,128,0,1280,0,2048
Jussiape,BA,102,0,102,0,84,0,824,0,1344,0
Lafaiete Coutinho,BA,127,0,127,0,60,0,472,0,713,0
Lajedão,BA,0,61,0,61,0,79,0,1295,0,1233
Lajedo do Tabocal,BA,202,0,202,0,90,0,446,0,1980,0
Lençóis,BA,890,0,890,0,578,0,649,0,11004,0
Licínio de Almeida,BA,40,0,40,0,56,0,1400,0,1120,0
Luís Eduardo Magalhães,BA,917,0,917,0,2190,0,2388,0,39420,0
Macarani,BA,85,0,85,0,46,0,541,0,635,0
Macaúbas,BA,2,0,2,0,1,0,500,0,11,0
Maracás,BA,361,0,361,0,443,0,1227,0,8417,0
Maraú,BA,0,134,0,134,0,243,0,1813,0,3903
Mascote,BA,0,260,0,260,0,468,0,1800,0,7488
Medeiros Neto,BA,0,89,0,89,0,150,0,1685,0,2269
Miguel Calmon,BA,31,0,31,0,20,0,645,0,306,0
Morro do Chapéu,BA,448,0,448,0,297,0,663,0,3528,0
Mortugaba,BA,17,0,17,0,9,0,529,0,108,0
Mucugê,BA,1454,0,1454,0,3446,0,2370,0,66952,0
Mucuri,BA,0,601,0,601,0,1614,0,2686,0,29859
Mulungu do Morro,BA,1010,0,1010,0,484,0,479,0,5950,0
Mundo Novo,BA,43,0,43,0,41,0,953,0,697,0
Mutuípe,BA,0,21,0,21,0,17,0,810,0,258
Nova Canaã,BA,728,0,728,0,455,0,625,0,5468,0
Nova Ibiá,BA,18,0,18,0,14,0,778,0,166,0
Nova Itarana,BA,291,0,291,0,189,0,649,0,2648,0
Nova Viçosa,BA,0,415,0,415,0,908,0,2188,0,14200
Palmeiras,BA,7,0,7,0,2,0,286,0,40,0
Pau Brasil,BA,0,50,0,50,0,105,0,2100,0,1680
Piatã,BA,1167,0,1167,0,832,0,713,0,9423,0
Planaltino,BA,2,0,2,0,2,0,1000,0,29,0
Planalto,BA,2178,0,2178,0,1694,0,778,0,32186,0
Poções,BA,765,0,765,0,527,0,689,0,9486,0
Porto Seguro,BA,0,4963,0,4963,0,14958,0,3014,0,263261
Prado,BA,0,6100,0,6100,0,22692,0,3720,0,407710
Presidente Tancredo Neves,BA,0,21,0,21,0,22,0,1048,0,326
Ribeirão do Largo,BA,1364,0,1364,0,1124,0,824,0,20232,0
Rio de Contas,BA,197,0,197,0,151,0,766,0,1835,0
Ruy Barbosa,BA,10,0,10,0,4,0,400,0,45,0
Santa Cruz Cabrália,BA,0,1530,0,1530,0,4719,0,3084,0,87302
Santa Inês,BA,10,0,10,0,19,0,1900,0,270,0
Santa Luzia,BA,0,942,0,942,0,927,0,984,0,14832
São Desidério,BA,1813,0,1813,0,4293,0,2368,0,81567,0
São José da Vitória,BA,0,10,0,10,0,17,0,1700,0,272
Seabra,BA,1442,0,1442,0,424,0,294,0,5212,0
Senhor do Bonfim,BA,2,0,2,0,2,0,1000,0,27,0
Souto Soares,BA,150,0,150,0,71,0,473,0,1464,0
Tanhaçu,BA,103,0,103,0,165,0,1602,0,3630,0
Taperoá,BA,0,84,0,84,0,83,0,988,0,1347
Tapiramutá,BA,258,0,258,0,204,0,791,0,2395,0
Teixeira de Freitas,BA,0,2902,0,2902,0,7667,0,2642,0,144140
Teolândia,BA,0,6,0,6,0,7,0,1167,0,108
Tremedal,BA,10,0,10,0,8,0,800,0,90,0
Ubaíra,BA,19,0,19,0,25,0,1316,0,351,0
Ubatã,BA,0,5,0,5,0,4,0,800,0,63
Una,BA,0,446,0,446,0,1338,0,3000,0,24084
Urandi,BA,5,0,5,0,3,0,600,0,34,0
Uruçuca,BA,0,38,0,38,0,111,0,2921,0,1855
Utinga,BA,250,0,250,0,140,0,560,0,2380,0
Valença,BA,0,127,0,127,0,177,0,1394,0,2774
Vereda,BA,0,295,0,295,0,681,0,2308,0,10626
Vitória da Conquista,BA,5491,0,5491,0,3344,0,609,0,63536,0
Wagner,BA,35,0,35,0,28,0,800,0,329,0
Wenceslau Guimarães,BA,0,112,0,112,0,184,0,1643,0,2764
Abadia dos Dourados,MG,224,0,224,0,585,0,2612,0,12314,0
Abaeté,MG,60,0,60,0,194,0,3233,0,4365,0
Abre Campo,MG,4100,0,4100,0,5412,0,1320,0,103781,0
Acaiaca,MG,4,0,4,0,5,0,1250,0,101,0
Açucena,MG,3,0,3,0,5,0,1667,0,86,0
Água Boa,MG,2310,280,2310,280,3942,504,1706,1800,80141,7308
Aguanil,MG,1917,0,1917,0,3882,0,2025,0,76103,0
Águas Vermelhas,MG,798,0,798,0,2394,0,3000,0,52340,0
Aimorés,MG,680,970,680,970,643,2646,946,2728,13021,46363
Aiuruoca,MG,10,0,10,0,18,0,1800,0,360,0
Albertina,MG,1500,0,1500,0,2340,0,1560,0,51714,0
Alfenas,MG,12785,0,12785,0,20906,0,1635,0,465331,0
Almenara,MG,50,20,50,20,39,16,780,800,788,248
Alpinópolis,MG,6600,0,6600,0,13728,0,2080,0,272913,0
Alterosa,MG,5335,0,5335,0,5922,0,1110,0,120940,0
Alto Caparaó,MG,2550,0,2550,0,2907,0,1140,0,59594,0
Alvarenga,MG,8,8,8,8,10,14,1250,1750,202,247
Amparo do Serra,MG,360,0,360,0,605,0,1681,0,12211,0
Andradas,MG,6900,0,6900,0,8694,0,1260,0,183717,0
Andrelândia,MG,310,0,310,0,465,0,1500,0,8823,0
Angelândia,MG,3720,0,3720,0,6960,0,1871,0,142193,0
Antônio Dias,MG,44,0,44,0,66,0,1500,0,1340,0
Antônio Prado de Minas,MG,30,7,30,7,58,13,1933,1857,1044,208
Araguari,MG,13175,0,13175,0,19763,0,1500,0,444188,0
Araponga,MG,4400,0,4400,0,6600,0,1500,0,142527,0
Arapuá,MG,770,0,770,0,832,0,1081,0,16640,0
Araxá,MG,3403,0,3403,0,4806,0,1412,0,96777,0
Arceburgo,MG,1740,0,1740,0,3060,0,1759,0,66662,0
Areado,MG,2850,0,2850,0,3312,0,1162,0,67043,0
Aricanduva,MG,815,0,815,0,1076,0,1320,0,21875,0
Astolfo Dutra,MG,8,0,8,0,7,0,875,0,148,0
Ataléia,MG,85,10,85,10,64,36,753,3600,1261,616
Baependi,MG,905,0,905,0,1303,0,1440,0,26268,0
Bambuí,MG,2920,0,2920,0,5256,0,1800,0,96592,0
Bandeira,MG,40,0,40,0,46,0,1150,0,851,0
Bandeira do Sul,MG,370,0,370,0,555,0,1500,0,11667,0
Berilo,MG,176,0,176,0,296,0,1682,0,6512,0
Berizal,MG,310,0,310,0,1101,0,3552,0,23581,0
Biquinhas,MG,256,0,256,0,538,0,2102,0,12105,0
Boa Esperança,MG,8630,0,8630,0,9354,0,1084,0,175094,0
Bocaiúva,MG,182,0,182,0,382,0,2099,0,7564,0
Bom Jesus da Penha,MG,2500,0,2500,0,3900,0,1560,0,77532,0
Bom Jesus do Amparo,MG,4,0,4,0,3,0,750,0,61,0
Bom Jesus do Galho,MG,1000,0,1000,0,900,0,900,0,19350,0
Bom Repouso,MG,14,0,14,0,17,0,1214,0,359,0
Bom Sucesso,MG,3490,0,3490,0,5863,0,1680,0,114197,0
Bonfinópolis de Minas,MG,760,0,760,0,1596,0,2100,0,37107,0
Borda da Mata,MG,400,0,400,0,600,0,1500,0,12962,0
Botelhos,MG,6875,0,6875,0,7425,0,1080,0,156086,0
Botumirim,MG,40,0,40,0,29,0,725,0,570,0
Brazópolis,MG,411,0,411,0,617,0,1501,0,12189,0
Bueno Brandão,MG,2040,0,2040,0,3672,0,1800,0,83981,0
Buritis,MG,929,0,929,0,2508,0,2700,0,57684,0
Buritizeiro,MG,1170,0,1170,0,3159,0,2700,0,64444,0
Cabo Verde,MG,9100,0,9100,0,12012,0,1320,0,257483,0
Cachoeira de Minas,MG,1280,0,1280,0,2227,0,1740,0,43845,0
Caeté,MG,10,0,10,0,18,0,1800,0,385,0
Caiana,MG,3500,0,3500,0,3990,0,1140,0,80259,0
Cajuri,MG,850,0,850,0,1122,0,1320,0,24437,0
Caldas,MG,1300,0,1300,0,2184,0,1680,0,46062,0
Camacho,MG,2710,0,2710,0,4065,0,1500,0,82596,0
Cambuí,MG,8,0,8,0,11,0,1375,0,225,0
Cambuquira,MG,3000,0,3000,0,5220,0,1740,0,117094,0
Campanha,MG,3336,0,3336,0,5234,0,1569,0,115712,0
Campestre,MG,12480,0,12480,0,16474,0,1320,0,346508,0
Campo Belo,MG,2500,0,2500,0,3000,0,1200,0,60365,0
Campo do Meio,MG,4418,0,4418,0,6063,0,1372,0,127890,0
Campos Altos,MG,10070,0,10070,0,15105,0,1500,0,312642,0
Campos Gerais,MG,19000,0,19000,0,30615,0,1611,0,648081,0
Canaã,MG,960,0,960,0,1267,0,1320,0,26780,0
Cana Verde,MG,620,0,620,0,744,0,1200,0,15103,0
Candeias,MG,6070,0,6070,0,6920,0,1140,0,140095,0
Caparaó,MG,5580,0,5580,0,9374,0,1680,0,206228,0
Capela Nova,MG,405,0,405,0,851,0,2101,0,17943,0
Capelinha,MG,7033,0,7033,0,11394,0,1620,0,231954,0
Capetinga,MG,5890,0,5890,0,8468,0,1438,0,174105,0
Capitão Enéas,MG,1,0,1,0,3,0,3000,0,57,0
Capitólio,MG,1800,0,1800,0,2376,0,1320,0,47995,0
Caputira,MG,4620,0,4620,0,6376,0,1380,0,129114,0
Caraí,MG,500,0,500,0,600,0,1200,0,11565,0
Caranaíba,MG,40,0,40,0,60,0,1500,0,1284,0
Carandaí,MG,40,0,40,0,72,0,1800,0,1541,0
Carangola,MG,4225,0,4225,0,6084,0,1440,0,117360,0
Caratinga,MG,11930,0,11930,0,19327,0,1620,0,425194,0
Carbonita,MG,30,0,30,0,18,0,600,0,355,0
Careaçu,MG,1180,0,1180,0,1841,0,1560,0,36815,0
Carmo da Cachoeira,MG,12000,0,12000,0,17280,0,1440,0,381860,0
Carmo da Mata,MG,900,0,900,0,1458,0,1620,0,31698,0
Carmo de Minas,MG,3350,0,3350,0,5226,0,1560,0,104520,0
Carmo do Paranaíba,MG,11540,0,11540,0,24271,0,2103,0,485420,0
Carmo do Rio Claro,MG,11500,0,11500,0,20280,0,1763,0,447784,0
Carmópolis de Minas,MG,100,0,100,0,198,0,1980,0,4331,0
Carrancas,MG,28,0,28,0,46,0,1643,0,912,0
Carvalhópolis,MG,1900,0,1900,0,3078,0,1620,0,68293,0
Casa Grande,MG,67,0,67,0,169,0,2522,0,3256,0
Cascalho Rico,MG,490,0,490,0,882,0,1800,0,19427,0
Cássia,MG,5590,0,5590,0,9594,0,1716,0,194652,0
Conceição da Barra de Minas,MG,275,0,275,0,495,0,1800,0,10236,0
Cataguases,MG,2,0,2,0,2,0,1000,0,42,0
Catas Altas,MG,5,6,5,6,6,11,1200,1833,121,176
Catas Altas da Noruega,MG,10,0,10,0,9,0,900,0,192,0
Catuji,MG,65,0,65,0,74,0,1138,0,1426,0
Caxambu,MG,98,0,98,0,176,0,1796,0,3604,0
Central de Minas,MG,0,3,0,3,0,2,0,667,0,33
Chácara,MG,2,0,2,0,3,0,1500,0,61,0
Chalé,MG,2380,55,2380,55,3142,76,1320,1382,64568,1140
Cipotânea,MG,30,0,30,0,36,0,1200,0,755,0
Claraval,MG,3600,0,3600,0,6912,0,1920,0,140521,0
Cláudio,MG,316,0,316,0,853,0,2699,0,19034,0
Coimbra,MG,395,0,395,0,593,0,1501,0,12781,0
Coluna,MG,3,0,3,0,2,0,667,0,34,0
Comercinho,MG,17,0,17,0,11,0,647,0,220,0
Conceição da Aparecida,MG,9000,0,9000,0,13500,0,1500,0,297344,0
Conceição das Pedras,MG,1795,0,1795,0,2800,0,1560,0,57750,0
Conceição das Alagoas,MG,12,0,12,0,21,0,1750,0,425,0
Conceição de Ipanema,MG,865,80,865,80,1116,120,1290,1500,23018,2115
Conceição do Rio Verde,MG,4300,0,4300,0,6450,0,1500,0,144180,0
Conceição dos Ouros,MG,260,0,260,0,468,0,1800,0,9328,0
Congonhal,MG,330,0,330,0,594,0,1800,0,13366,0
Congonhas,MG,8,0,8,0,10,0,1250,0,204,0
Congonhas do Norte,MG,15,0,15,0,18,0,1200,0,385,0
Conquista,MG,8,0,8,0,17,0,2125,0,342,0
Conselheiro Pena,MG,3830,510,3830,510,4596,612,1200,1200,94793,11322
Coqueiral,MG,9000,0,9000,0,8100,0,900,0,169467,0
Coração de Jesus,MG,9,0,9,0,8,0,889,0,161,0
Cordislândia,MG,1780,0,1780,0,2563,0,1440,0,53748,0
Coroaci,MG,60,10,60,10,126,12,2100,1200,2725,183
Coromandel,MG,7810,0,7810,0,12609,0,1614,0,266865,0
Córrego Danta,MG,950,0,950,0,1425,0,1500,0,30566,0
Córrego Fundo,MG,255,0,255,0,383,0,1502,0,7045,0
Córrego Novo,MG,35,0,35,0,42,0,1200,0,890,0
Couto de Magalhães de Minas,MG,2,0,2,0,2,0,1000,0,42,0
Cristais,MG,3580,0,3580,0,5154,0,1440,0,107107,0
Cristália,MG,5,0,5,0,4,0,800,0,80,0
Cristina,MG,760,0,760,0,1231,0,1620,0,25851,0
Cruzeiro da Fortaleza,MG,600,0,600,0,1332,0,2220,0,27367,0
Cruzília,MG,179,0,179,0,269,0,1503,0,5467,0
Cuparaque,MG,245,49,245,49,250,59,1020,1204,4457,965
Curral de Dentro,MG,70,0,70,0,187,0,2671,0,4084,0
Datas,MG,6,0,6,0,6,0,1000,0,126,0
Delfinópolis,MG,350,0,350,0,525,0,1500,0,10264,0
Descoberto,MG,1,0,1,0,2,0,2000,0,43,0
Desterro de Entre Rios,MG,82,0,82,0,113,0,1378,0,2318,0
Desterro do Melo,MG,10,0,10,0,18,0,1800,0,378,0
Diamantina,MG,618,0,618,0,1834,0,2968,0,40324,0
Divinésia,MG,120,0,120,0,158,0,1317,0,2939,0
Divino,MG,9800,0,9800,0,11760,0,1200,0,225145,0
Divino das Laranjeiras,MG,5,4,5,4,4,3,800,750,73,49
Divinolândia de Minas,MG,40,0,40,0,53,0,1325,0,902,0
Divisa Alegre,MG,40,0,40,0,29,0,725,0,585,0
Divisa Nova,MG,2380,0,2380,0,3998,0,1680,0,89161,0
Divisópolis,MG,818,0,818,0,1219,0,1490,0,22552,0
Dom Cavati,MG,25,0,25,0,15,0,600,0,330,0
Dom Joaquim,MG,2,0,2,0,2,0,1000,0,40,0
Dom Viçoso,MG,325,0,325,0,390,0,1200,0,7890,0
Dores do Turvo,MG,50,0,50,0,60,0,1200,0,1116,0
Doresópolis,MG,260,0,260,0,406,0,1562,0,7387,0
Durandé,MG,5225,0,5225,0,7211,0,1380,0,144220,0
Elói Mendes,MG,12542,0,12542,0,17830,0,1422,0,345013,0
Engenheiro Navarro,MG,0,4,0,4,0,3,0,750,0,51
Entre Folhas,MG,360,0,360,0,432,0,1200,0,9504,0
Entre Rios de Minas,MG,150,0,150,0,282,0,1880,0,5856,0
Ervália,MG,5100,0,5100,0,6732,0,1320,0,144738,0
Esmeraldas,MG,32,0,32,0,96,0,3000,0,2102,0
Espera Feliz,MG,9500,0,9500,0,13680,0,1440,0,273600,0
Espírito Santo do Dourado,MG,485,0,485,0,698,0,1439,0,15737,0
Estiva,MG,2,0,2,0,4,0,2000,0,82,0
Estrela Dalva,MG,0,43,0,43,0,155,0,3605,0,2364
Estrela do Indaiá,MG,200,0,200,0,312,0,1560,0,7020,0
Estrela do Sul,MG,2400,0,2400,0,4104,0,1710,0,90698,0
Eugenópolis,MG,1700,21,1700,21,2856,44,1680,2095,51408,704
Extrema,MG,2,0,2,0,3,0,1500,0,61,0
Fama,MG,1240,0,1240,0,2083,0,1680,0,46212,0
Faria Lemos,MG,685,0,685,0,945,0,1380,0,17908,0
Felício dos Santos,MG,297,0,297,0,791,0,2663,0,16830,0
São Gonçalo do Rio Preto,MG,42,0,42,0,106,0,2524,0,2262,0
Felisburgo,MG,9,2,9,2,11,4,1222,2000,226,70
Ferros,MG,39,0,39,0,47,0,1205,0,980,0
Fervedouro,MG,3100,0,3100,0,4836,0,1560,0,95777,0
Formiga,MG,2785,0,2785,0,5424,0,1948,0,113362,0
Formoso,MG,1000,0,1000,0,3600,0,3600,0,81000,0
Fortaleza de Minas,MG,1270,0,1270,0,1981,0,1560,0,40363,0
Francisco Dumont,MG,300,0,300,0,900,0,3000,0,17391,0
Franciscópolis,MG,90,0,90,0,81,0,900,0,1561,0
Frei Gaspar,MG,30,13,30,13,36,50,1200,3846,694,849
Frei Lagonegro,MG,5,0,5,0,6,0,1200,0,120,0
Galiléia,MG,0,30,0,30,0,60,0,2000,0,981
Grão Mogol,MG,90,0,90,0,183,0,2033,0,3924,0
Guapé,MG,9100,0,9100,0,15888,0,1746,0,323361,0
Guaraciaba,MG,130,0,130,0,234,0,1800,0,4927,0
Guaranésia,MG,4200,0,4200,0,5064,0,1206,0,109290,0
Guarani,MG,58,0,58,0,56,0,966,0,1187,0
Guarará,MG,14,0,14,0,17,0,1214,0,342,0
Guarda-Mor,MG,354,0,354,0,616,0,1740,0,13489,0
Guaxupé,MG,3950,0,3950,0,5214,0,1320,0,112079,0
Guimarânia,MG,4100,0,4100,0,7470,0,1822,0,154238,0
Guiricema,MG,200,0,200,0,312,0,1560,0,6365,0
Heliodora,MG,3185,0,3185,0,4969,0,1560,0,109566,0
Iapu,MG,304,0,304,0,412,0,1355,0,8528,0
Ibiá,MG,5550,0,5550,0,9333,0,1682,0,192412,0
Ibiraci,MG,15800,0,15800,0,31254,0,1978,0,676836,0
Ibitiúra de Minas,MG,1510,0,1510,0,2054,0,1360,0,43382,0
Ibituruna,MG,600,0,600,0,1080,0,1800,0,21233,0
Igarapé,MG,10,0,10,0,6,0,600,0,125,0
Ijaci,MG,200,0,200,0,438,0,2190,0,8815,0
Ilicínea,MG,6970,0,6970,0,10455,0,1500,0,198047,0
Imbé de Minas,MG,3400,0,3400,0,4284,0,1260,0,93177,0
Inconfidentes,MG,3025,0,3025,0,5445,0,1800,0,120599,0
Indaiabira,MG,540,0,540,0,1356,0,2511,0,29109,0
Indianópolis,MG,4570,0,4570,0,8226,0,1800,0,180771,0
Ingaí,MG,438,0,438,0,710,0,1621,0,15052,0
Inhapim,MG,3580,0,3580,0,4296,0,1200,0,91290,0
Ipanema,MG,25,277,25,277,43,615,1720,2220,869,11147
Iraí de Minas,MG,1158,0,1158,0,3020,0,2608,0,64365,0
Itabira,MG,6,0,6,0,6,0,1000,0,125,0
Itabirinha,MG,111,48,111,48,99,163,892,3396,1815,2666
Itacambira,MG,4,0,4,0,2,0,500,0,40,0
Itaguara,MG,13,0,13,0,12,0,923,0,255,0
Itaipé,MG,400,0,400,0,360,0,900,0,6939,0
Itajubá,MG,29,0,29,0,31,0,1069,0,649,0
Itamarandiba,MG,525,14,525,14,1121,17,2135,1214,22780,247
Itamarati de Minas,MG,66,0,66,0,79,0,1197,0,1683,0
Itambacuri,MG,237,15,237,15,257,12,1084,800,4626,218
Itamogi,MG,10400,0,10400,0,14976,0,1440,0,322877,0
Itanhomi,MG,335,0,335,0,342,0,1021,0,6737,0
Itapecerica,MG,395,0,395,0,638,0,1615,0,14211,0
Itaú de Minas,MG,9,0,9,0,11,0,1222,0,210,0
Itueta,MG,0,670,0,670,0,1212,0,1809,0,21387
Ituiutaba,MG,4,0,4,0,4,0,1000,0,74,0
Itumirim,MG,359,0,359,0,582,0,1621,0,11561,0
Itutinga,MG,100,0,100,0,180,0,1800,0,3554,0
Jaboticatubas,MG,8,0,8,0,10,0,1250,0,213,0
Jacuí,MG,3250,0,3250,0,4485,0,1380,0,96648,0
Jacutinga,MG,3195,0,3195,0,4217,0,1320,0,94113,0
Jaíba,MG,0,10,0,10,0,9,0,900,0,153
Jequeri,MG,3600,0,3600,0,6480,0,1800,0,130017,0
Jequitinhonha,MG,60,0,60,0,144,0,2400,0,2952,0
Jesuânia,MG,1630,0,1630,0,2445,0,1500,0,52946,0
Joaíma,MG,0,30,0,30,0,45,0,1500,0,788
João Pinheiro,MG,3000,0,3000,0,9000,0,3000,0,197386,0
José Gonçalves de Minas,MG,190,0,190,0,285,0,1500,0,6270,0
José Raydan,MG,0,95,0,95,0,245,0,2579,0,3553
Josenópolis,MG,4,0,4,0,2,0,500,0,37,0
Nova União,MG,5,0,5,0,3,0,600,0,63,0
Juiz de Fora,MG,6,0,6,0,7,0,1167,0,154,0
Juruaia,MG,4800,0,4800,0,8064,0,1680,0,174176,0
Ladainha,MG,100,100,100,100,112,186,1120,1860,2159,3116
Lagamar,MG,410,0,410,0,861,0,2100,0,17220,0
Lagoa Dourada,MG,262,0,262,0,393,0,1500,0,7996,0
Lagoa Formosa,MG,1050,0,1050,0,1905,0,1814,0,38100,0
Lagoa Grande,MG,140,0,140,0,336,0,2400,0,7461,0
Lajinha,MG,8485,0,8485,0,13279,0,1565,0,265580,0
Lambari,MG,4800,0,4800,0,7488,0,1560,0,167351,0
Lamim,MG,18,0,18,0,32,0,1778,0,656,0
Lassance,MG,100,0,100,0,210,0,2100,0,4396,0
Lavras,MG,5020,0,5020,0,7831,0,1560,0,161279,0
Leme do Prado,MG,68,0,68,0,194,0,2853,0,3942,0
Leopoldina,MG,70,3,70,3,105,6,1500,2000,2100,99
Luisburgo,MG,6150,0,6150,0,7380,0,1200,0,147600,0
Luminárias,MG,2175,0,2175,0,3002,0,1380,0,64633,0
Luz,MG,130,0,130,0,226,0,1738,0,5198,0
Machado,MG,15506,0,15506,0,20697,0,1335,0,459390,0
Malacacheta,MG,1000,0,1000,0,1500,0,1500,0,28913,0
Manhuaçu,MG,22600,0,22600,0,33900,0,1500,0,678000,0
Manhumirim,MG,5300,0,5300,0,8268,0,1560,0,165360,0
Mantena,MG,500,600,500,600,600,576,1200,960,10997,9249
Mar de Espanha,MG,80,0,80,0,101,0,1263,0,2172,0
Maria da Fé,MG,90,0,90,0,133,0,1478,0,2634,0
Mariana,MG,20,0,20,0,31,0,1550,0,620,0
Marliéria,MG,2,0,2,0,3,0,1500,0,64,0
Martins Soares,MG,2950,0,2950,0,3540,0,1200,0,70800,0
Mata Verde,MG,544,29,544,29,816,81,1500,2793,15504,1256
Mateus Leme,MG,22,0,22,0,26,0,1182,0,526,0
Matias Cardoso,MG,0,52,0,52,0,94,0,1808,0,1598
Matipó,MG,4290,0,4290,0,5148,0,1200,0,102960,0
Matutina,MG,247,0,247,0,341,0,1381,0,6820,0
Medeiros,MG,3280,0,3280,0,6101,0,1860,0,112624,0
Medina,MG,2,0,2,0,6,0,3000,0,124,0
Mercês,MG,20,0,20,0,18,0,900,0,367,0
Minas Novas,MG,440,0,440,0,713,0,1620,0,14488,0
Minduri,MG,2,0,2,0,3,0,1500,0,60,0
Miradouro,MG,2765,0,2765,0,3152,0,1140,0,56736,0
Miraí,MG,320,0,320,0,384,0,1200,0,8157,0
Moeda,MG,2,0,2,0,3,0,1500,0,61,0
Monsenhor Paulo,MG,3690,0,3690,0,5867,0,1590,0,122703,0
Monte Alegre de Minas,MG,132,0,132,0,314,0,2379,0,6731,0
Monte Azul,MG,3,0,3,0,5,0,1667,0,108,0
Monte Belo,MG,5200,0,5200,0,7800,0,1500,0,168415,0
Monte Carmelo,MG,16200,0,16200,0,25272,0,1560,0,531167,0
Monte Formoso,MG,25,0,25,0,17,0,680,0,377,0
Monte Santo de Minas,MG,10650,0,10650,0,15975,0,1500,0,344560,0
Monte Sião,MG,2100,0,2100,0,3150,0,1500,0,70983,0
Montezuma,MG,40,0,40,0,36,0,900,0,752,0
Munhoz,MG,14,0,14,0,19,0,1357,0,389,0
Muriaé,MG,875,25,875,25,1024,60,1170,2400,18432,960
Mutum,MG,7020,315,7020,315,8143,693,1160,2200,165466,12526
Muzambinho,MG,8400,0,8400,0,10584,0,1260,0,228456,0
Natércia,MG,2520,0,2520,0,4536,0,1800,0,101329,0
Nazareno,MG,2120,0,2120,0,3434,0,1620,0,71148,0
Nepomuceno,MG,10420,0,10420,0,14380,0,1380,0,284724,0
Ninheira,MG,1903,0,1903,0,5366,0,2820,0,114838,0
Nova Belém,MG,4500,600,4500,600,4050,2160,900,3600,74232,32816
Nova Era,MG,12,0,12,0,18,0,1500,0,340,0
Nova Lima,MG,1,0,1,0,2,0,2000,0,39,0
Nova Módica,MG,0,10,0,10,0,12,0,1200,0,196
Nova Ponte,MG,610,0,610,0,1407,0,2307,0,31042,0
Nova Porteirinha,MG,3,0,3,0,7,0,2333,0,135,0
Nova Resende,MG,14500,0,14500,0,19140,0,1320,0,412028,0
Novo Cruzeiro,MG,814,0,814,0,1465,0,1800,0,28564,0
Novorizonte,MG,27,0,27,0,36,0,1333,0,738,0
Olímpio Noronha,MG,720,0,720,0,1080,0,1500,0,24085,0
Oliveira,MG,7035,0,7035,0,12832,0,1824,0,262991,0
Orizânia,MG,4150,0,4150,0,6225,0,1500,0,126461,0
Ouro Branco,MG,5,0,5,0,5,0,1000,0,102,0
Ouro Fino,MG,5820,0,5820,0,8730,0,1500,0,194238,0
Ouro Preto,MG,25,0,25,0,19,0,760,0,390,0
Ouro Verde de Minas,MG,20,48,20,48,50,202,2500,4208,964,3636
Padre Carvalho,MG,12,0,12,0,6,0,500,0,121,0
Padre Paraíso,MG,165,0,165,0,119,0,721,0,2294,0
Paiva,MG,2,0,2,0,3,0,1500,0,63,0
Palma,MG,0,112,0,112,0,269,0,2402,0,4439
Palmópolis,MG,2,0,2,0,3,0,1500,0,54,0
Paracatu,MG,1545,0,1545,0,4172,0,2700,0,92828,0
Paraguaçu,MG,9950,0,9950,0,13167,0,1323,0,272065,0
Paraisópolis,MG,75,0,75,0,113,0,1507,0,2311,0
Passabém,MG,30,0,30,0,45,0,1500,0,938,0
Passa Tempo,MG,80,0,80,0,120,0,1500,0,2700,0
Passos,MG,3370,0,3370,0,6587,0,1955,0,133439,0
Patis,MG,20,0,20,0,18,0,900,0,363,0
Patos de Minas,MG,9175,0,9175,0,15253,0,1662,0,305060,0
Patrocínio,MG,42830,0,42830,0,64225,0,1500,0,1387740,0
Paula Cândido,MG,1370,0,1370,0,1808,0,1320,0,39719,0
Peçanha,MG,166,0,166,0,313,0,1886,0,6293,0
Pedra Azul,MG,10,0,10,0,9,0,900,0,162,0
Pedra Bonita,MG,3750,0,3750,0,4500,0,1200,0,90000,0
Pedra do Anta,MG,240,0,240,0,331,0,1379,0,6276,0
Pedra Dourada,MG,1300,0,1300,0,1664,0,1280,0,33380,0
Pedralva,MG,2530,0,2530,0,3947,0,1560,0,82552,0
Pedrinópolis,MG,430,0,430,0,796,0,1851,0,16381,0
Perdizes,MG,5595,0,5595,0,6394,0,1143,0,132036,0
Perdões,MG,3340,0,3340,0,5611,0,1680,0,110789,0
Piedade de Caratinga,MG,3500,0,3500,0,5880,0,1680,0,130830,0
Pimenta,MG,2142,0,2142,0,3674,0,1715,0,66132,0
Piracema,MG,5,0,5,0,4,0,800,0,88,0
Piranga,MG,160,0,160,0,288,0,1800,0,6259,0
Piranguçu,MG,6,0,6,0,8,0,1333,0,156,0
Piranguinho,MG,473,0,473,0,795,0,1681,0,15711,0
Pirapetinga,MG,0,85,0,85,0,281,0,3306,0,4735
Pirapora,MG,890,0,890,0,2403,0,2700,0,50646,0
Piumhi,MG,12620,0,12620,0,17416,0,1380,0,321868,0
Poço Fundo,MG,9845,0,9845,0,13588,0,1380,0,300318,0
Poços de Caldas,MG,3700,0,3700,0,6438,0,1740,0,136479,0
Pocrane,MG,128,600,128,600,230,1620,1797,2700,4777,28998
Ponte Nova,MG,2,0,2,0,4,0,2000,0,81,0
Ponto dos Volantes,MG,60,0,60,0,30,0,500,0,660,0
Porto Firme,MG,475,0,475,0,656,0,1381,0,14239,0
Poté,MG,24,0,24,0,27,0,1125,0,520,0
Pouso Alegre,MG,33,0,33,0,59,0,1788,0,1304,0
Pouso Alto,MG,100,0,100,0,153,0,1530,0,3274,0
Pratápolis,MG,176,0,176,0,211,0,1199,0,4067,0
Pratinha,MG,4200,0,4200,0,7767,0,1849,0,156004,0
Presidente Bernardes,MG,345,0,345,0,383,0,1110,0,7236,0
Presidente Kubitschek,MG,19,0,19,0,14,0,737,0,296,0
Presidente Olegário,MG,5410,0,5410,0,10387,0,1920,0,207740,0
Alto Jequitibá,MG,5350,0,5350,0,5457,0,1020,0,109140,0
Quartel Geral,MG,175,0,175,0,525,0,3000,0,11813,0
Raposos,MG,3,0,3,0,4,0,1333,0,81,0
Raul Soares,MG,3430,50,3430,50,5145,165,1500,3300,113833,2970
Reduto,MG,3300,0,3300,0,3960,0,1200,0,79200,0
Resplendor,MG,0,220,0,220,0,528,0,2400,0,9515
Ribeirão Vermelho,MG,285,0,285,0,410,0,1439,0,8339,0
Rio Espera,MG,2,0,2,0,3,0,1500,0,61,0
Rio Paranaíba,MG,13535,0,13535,0,22739,0,1680,0,454780,0
Rio Pardo de Minas,MG,560,0,560,0,1716,0,3064,0,36723,0
Rio Vermelho,MG,13,0,13,0,12,0,923,0,243,0
Ritápolis,MG,225,0,225,0,405,0,1800,0,8289,0
Romaria,MG,5700,0,5700,0,11700,0,2053,0,253799,0
Rosário da Limeira,MG,790,0,790,0,995,0,1259,0,17910,0
Sabará,MG,6,0,6,0,5,0,833,0,100,0
Sabinópolis,MG,15,0,15,0,18,0,1200,0,359,0
Sacramento,MG,2350,0,2350,0,4082,0,1737,0,82150,0
Salinas,MG,4,10,4,10,3,12,750,1200,64,192
Santa Bárbara,MG,12,0,12,0,16,0,1333,0,304,0
Santa Bárbara do Leste,MG,3260,0,3260,0,4597,0,1410,0,101134,0
Santa Bárbara do Monte Verde,MG,10,0,10,0,13,0,1300,0,276,0
Santa Bárbara do Tugúrio,MG,15,0,15,0,15,0,1000,0,311,0
Santa Juliana,MG,98,0,98,0,294,0,3000,0,6186,0
Santa Margarida,MG,11000,0,11000,0,16500,0,1500,0,330000,0
Santa Maria do Suaçuí,MG,3,65,3,65,4,170,1333,2615,73,2965
Santana da Vargem,MG,4500,0,4500,0,6480,0,1440,0,134460,0
Santana do Garambéu,MG,7,0,7,0,8,0,1143,0,168,0
Santana do Jacaré,MG,475,0,475,0,570,0,1200,0,11278,0
Santana do Manhuaçu,MG,7300,0,7300,0,7884,0,1080,0,157680,0
Santana do Paraíso,MG,14,0,14,0,11,0,786,0,233,0
Santana dos Montes,MG,12,0,12,0,11,0,917,0,230,0
Santa Rita de Caldas,MG,200,0,200,0,360,0,1800,0,7610,0
Santa Rita de Minas,MG,2308,0,2308,0,2770,0,1200,0,60248,0
Santa Rita do Itueto,MG,2100,3550,2100,3550,2867,8520,1365,2400,60780,158472
Santa Rita do Sapucaí,MG,3800,0,3800,0,5700,0,1500,0,116651,0
Santa Rosa da Serra,MG,3500,0,3500,0,6720,0,1920,0,137740,0
Santo Antônio do Amparo,MG,8200,0,8200,0,13776,0,1680,0,278634,0
Santo Antônio do Grama,MG,23,0,23,0,36,0,1565,0,733,0
Santo Antônio do Jacinto,MG,0,2,0,2,0,2,0,1000,0,31
Santo Antônio do Monte,MG,25,0,25,0,32,0,1280,0,674,0
Santo Antônio do Retiro,MG,120,0,120,0,236,0,1967,0,5523,0
São Bento Abade,MG,1200,0,1200,0,1800,0,1500,0,40019,0
São Domingos das Dores,MG,2200,0,2200,0,3102,0,1410,0,66693,0
São Domingos do Prata,MG,100,0,100,0,105,0,1050,0,2364,0
São Félix de Minas,MG,0,14,0,14,0,15,0,1071,0,258
São Francisco de Paula,MG,2850,0,2850,0,4617,0,1620,0,85415,0
São Francisco do Glória,MG,1440,8,1440,8,1800,19,1250,2375,34380,277
São Geraldo,MG,370,0,370,0,488,0,1319,0,10163,0
São Geraldo do Baixio,MG,0,10,0,10,0,9,0,900,0,166
São Gonçalo do Abaeté,MG,420,0,420,0,630,0,1500,0,12600,0
São Gonçalo do Rio Abaixo,MG,11,0,11,0,13,0,1182,0,259,0
São Gonçalo do Sapucaí,MG,9330,0,9330,0,13995,0,1500,0,282864,0
São Gotardo,MG,2025,0,2025,0,3378,0,1668,0,68072,0
São João Batista do Glória,MG,279,0,279,0,432,0,1548,0,8846,0
São João da Mata,MG,700,0,700,0,924,0,1320,0,19581,0
São João del Rei,MG,474,0,474,0,854,0,1802,0,17507,0
São João do Manhuaçu,MG,6800,0,6800,0,8976,0,1320,0,179520,0
São João do Manteninha,MG,60,150,60,150,54,144,900,960,1022,2656
São João do Paraíso,MG,265,0,265,0,938,0,3540,0,20251,0
São João Evangelista,MG,2,0,2,0,2,0,1000,0,40,0
São José da Barra,MG,3780,0,3780,0,6462,0,1710,0,127804,0
São José do Alegre,MG,130,0,130,0,234,0,1800,0,4719,0
São José do Divino,MG,0,2,0,2,0,2,0,1000,0,33
São José do Goiabal,MG,2,0,2,0,2,0,1000,0,41,0
São José do Jacuri,MG,0,31,0,31,0,84,0,2710,0,1388
São José do Mantimento,MG,700,165,700,165,1008,171,1440,1036,20160,2593
São Lourenço,MG,50,0,50,0,69,0,1380,0,1449,0
São Miguel do Anta,MG,1540,0,1540,0,2402,0,1560,0,52263,0
São Pedro da União,MG,3800,0,3800,0,7752,0,2040,0,168575,0
São Pedro do Suaçuí,MG,0,23,0,23,0,48,0,2087,0,792
São Roque de Minas,MG,5400,0,5400,0,8532,0,1580,0,175333,0
São Sebastião da Bela Vista,MG,1350,0,1350,0,1944,0,1440,0,43832,0
São Sebastião da Vargem Alegre,MG,850,0,850,0,1088,0,1280,0,23153,0
São Sebastião do Anta,MG,2200,5,2200,5,3960,9,1800,1800,89100,162
São Sebastião do Maranhão,MG,105,13,105,13,145,23,1381,1769,2946,422
São Sebastião do Paraíso,MG,12000,0,12000,0,15120,0,1260,0,326970,0
São Tiago,MG,380,0,380,0,616,0,1621,0,12238,0
São Tomás de Aquino,MG,8310,0,8310,0,13462,0,1620,0,279067,0
São Tomé das Letras,MG,1380,0,1380,0,2898,0,2100,0,65078,0
Sardoá,MG,14,0,14,0,13,0,929,0,261,0
Setubinha,MG,840,0,840,0,857,0,1020,0,17414,0
Senador Firmino,MG,92,0,92,0,166,0,1804,0,3457,0
Senador José Bento,MG,400,0,400,0,360,0,900,0,7585,0
Senador Modestino Gonçalves,MG,75,0,75,0,203,0,2707,0,3830,0
Senhora de Oliveira,MG,120,0,120,0,216,0,1800,0,4711,0
Senhora dos Remédios,MG,30,0,30,0,54,0,1800,0,1130,0
Sericita,MG,5800,0,5800,0,8004,0,1380,0,155790,0
Serra do Salitre,MG,16000,0,16000,0,24270,0,1517,0,512344,0
Serrania,MG,3300,0,3300,0,4356,0,1320,0,92077,0
Serranópolis de Minas,MG,20,0,20,0,48,0,2400,0,929,0
Serro,MG,80,0,80,0,52,0,650,0,1115,0
Silveirânia,MG,2,0,2,0,2,0,1000,0,41,0
Silvianópolis,MG,1560,0,1560,0,2434,0,1560,0,54482,0
Simonésia,MG,11050,0,11050,0,13260,0,1200,0,265200,0
Soledade de Minas,MG,300,0,300,0,450,0,1500,0,9450,0
Taiobeiras,MG,630,0,630,0,1966,0,3121,0,43981,0
Taparuba,MG,12,120,12,120,9,333,750,2775,185,6068
Tapira,MG,450,0,450,0,891,0,1980,0,18293,0
Tapiraí,MG,1613,0,1613,0,3091,0,1916,0,71475,0
Tarumirim,MG,10,4,10,4,8,4,800,1000,158,71
Teixeiras,MG,1020,0,1020,0,1530,0,1500,0,33727,0
Teófilo Otoni,MG,20,0,20,0,21,0,1050,0,405,0
Tiros,MG,2060,0,2060,0,4017,0,1950,0,80340,0
Tocos do Moji,MG,354,0,354,0,531,0,1500,0,11716,0
Tombos,MG,1600,30,1600,30,2400,49,1500,1633,47184,715
Três Corações,MG,8700,0,8700,0,13572,0,1560,0,308763,0
Três Pontas,MG,17571,0,17571,0,24375,0,1387,0,511113,0
Tupaciguara,MG,191,0,191,0,539,0,2822,0,12397,0
Turmalina,MG,650,0,650,0,1203,0,1851,0,24441,0
Turvolândia,MG,1600,0,1600,0,2304,0,1440,0,48724,0
Ubá,MG,0,4,0,4,0,8,0,2000,0,141
Ubaporanga,MG,3545,0,3545,0,5105,0,1440,0,109758,0
Uberaba,MG,408,0,408,0,858,0,2103,0,17229,0
Uberlândia,MG,460,0,460,0,883,0,1920,0,18844,0
Unaí,MG,3770,0,3770,0,8596,0,2280,0,195559,0
Urucuia,MG,553,0,553,0,1062,0,1920,0,23895,0
Vargem Alegre,MG,64,0,64,0,102,0,1594,0,2295,0
Vargem Bonita,MG,2460,0,2460,0,5382,0,2188,0,99927,0
Vargem Grande do Rio Pardo,MG,85,0,85,0,153,0,1800,0,3275,0
Varginha,MG,7950,0,7950,0,10971,0,1380,0,230323,0
Varjão de Minas,MG,2337,0,2337,0,6281,0,2688,0,125620,0
Várzea da Palma,MG,700,0,700,0,2100,0,3000,0,44294,0
Veredinha,MG,140,0,140,0,150,0,1071,0,2750,0
Vermelho Novo,MG,2240,4,2240,4,4032,12,1800,3000,88704,192
Viçosa,MG,825,0,825,0,1089,0,1320,0,23305,0
Vieiras,MG,650,0,650,0,936,0,1440,0,16848,0
Virgínia,MG,50,0,50,0,83,0,1660,0,1743,0
Virginópolis,MG,80,0,80,0,106,0,1325,0,2117,0
Virgolândia,MG,10,12,10,12,9,12,900,1000,174,221
Visconde do Rio Branco,MG,3,0,3,0,4,0,1333,0,82,0
Afonso Cláudio,ES,7370,4325,7370,4325,11606,12233,1575,2828,224164,254055
Águia Branca,ES,30,6240,30,6240,27,15350,900,2460,504,307000
Água Doce do Norte,ES,400,1805,400,1805,300,3342,750,1852,6724,74309
Alegre,ES,3210,2015,3210,2015,4825,3645,1503,1809,91955,80168
Alfredo Chaves,ES,2382,2250,2382,2250,4383,4315,1840,1918,84528,87746
Alto Rio Novo,ES,1612,1386,1612,1386,2031,3925,1260,2832,38183,78500
Anchieta,ES,0,1070,0,1070,0,2029,0,1896,0,34087
Apiacá,ES,1350,420,1350,420,2867,1150,2124,2738,54811,22724
Aracruz,ES,0,5350,0,5350,0,15964,0,2984,0,276311
Atílio Vivácqua,ES,0,1330,0,1330,0,3461,0,2602,0,57906
Baixo Guandu,ES,1340,2150,1340,2150,1147,5106,856,2375,21646,106205
Barra de São Francisco,ES,25,5080,25,5080,23,12090,920,2380,527,241800
Boa Esperança,ES,0,5300,0,5300,0,11130,0,2100,0,206755
Bom Jesus do Norte,ES,80,94,80,94,120,158,1500,1681,2520,3394
Brejetuba,ES,18000,0,18000,0,32400,0,1800,0,632748,0
Cachoeiro de Itapemirim,ES,170,5700,170,5700,163,8244,959,1446,3295,159224
Cariacica,ES,30,293,30,293,41,616,1367,2102,687,10315
Castelo,ES,3690,7837,3690,7837,4649,15801,1260,2016,87941,273136
Colatina,ES,110,11000,110,11000,132,28395,1200,2581,2438,518209
Conceição da Barra,ES,0,1121,0,1121,0,2596,0,2316,0,44385
Conceição do Castelo,ES,2300,1788,2300,1788,4140,4232,1800,2367,83251,79266
Divino de São Lourenço,ES,2100,0,2100,0,4285,0,2040,0,90556,0
Domingos Martins,ES,5978,46,5978,46,8612,86,1441,1870,144216,1365
Dores do Rio Preto,ES,3200,0,3200,0,5184,0,1620,0,108397,0
Ecoporanga,ES,160,2490,160,2490,163,5118,1019,2055,3158,95342
Fundão,ES,0,2482,0,2482,0,8761,0,3530,0,166047
Governador Lindenberg,ES,0,9200,0,9200,0,20976,0,2280,0,340860
Guaçuí,ES,6450,0,6450,0,9675,0,1500,0,192180,0
Guarapari,ES,650,1450,650,1450,707,1776,1088,1225,13200,36515
Ibatiba,ES,8200,0,8200,0,13780,0,1680,0,271670,0
Ibiraçu,ES,0,1866,0,1866,0,3451,0,1849,0,68374
Ibitirama,ES,5500,1,5500,1,9570,2,1740,2000,182937,45
Iconha,ES,161,4090,161,4090,227,6103,1410,1492,4869,108328
Irupi,ES,9800,7,9800,7,17640,21,1800,3000,347491,472
Itaguaçu,ES,1300,5585,1300,5585,1755,9205,1350,1648,30215,167632
Itapemirim,ES,0,607,0,607,0,540,0,890,0,11159
Itarana,ES,2120,1100,2120,1100,4290,2448,2024,2225,79521,48013
Iúna,ES,16000,40,16000,40,25920,108,1620,2700,511466,2052
Jaguaré,ES,0,13337,0,13337,0,28008,0,2100,0,531880
Jerônimo Monteiro,ES,150,2850,150,2850,225,4788,1500,1680,4543,99644
João Neiva,ES,30,1259,30,1259,36,2928,1200,2326,675,52842
Laranja da Terra,ES,40,2700,40,2700,60,7290,1500,2700,1305,128534
Linhares,ES,0,17400,0,17400,0,46460,0,2670,0,834793
Mantenópolis,ES,4070,652,4070,652,4884,1505,1200,2308,83766,28888
Marechal Floriano,ES,2200,0,2200,0,3960,0,1800,0,87504,0
Marilândia,ES,0,8600,0,8600,0,18576,0,2160,0,414947
Mimoso do Sul,ES,3682,4240,3582,4190,9306,9778,2598,2334,187337,185124
Montanha,ES,0,3500,0,3500,0,8400,0,2400,0,144220
Mucurici,ES,0,90,0,90,0,324,0,3600,0,6404
Muniz Freire,ES,9200,1605,9200,1605,12700,5910,1380,3682,270767,133181
Muqui,ES,450,3967,450,3967,410,8230,911,2075,8165,158021
Nova Venécia,ES,0,12200,0,12200,0,27816,0,2280,0,522937
Pancas,ES,0,12120,0,12120,0,25946,0,2141,0,539190
Pedro Canário,ES,0,1220,0,1220,0,2928,0,2400,0,60990
Pinheiros,ES,0,9700,0,9700,0,20154,0,2078,0,397169
Piúma,ES,0,276,0,276,0,733,0,2656,0,15606
Ponto Belo,ES,0,360,0,360,0,864,0,2400,0,16702
Presidente Kennedy,ES,0,106,0,106,0,159,0,1500,0,3403
Rio Bananal,ES,0,19100,0,19100,0,48093,0,2518,0,858496
Rio Novo do Sul,ES,20,2570,20,2570,29,3546,1450,1380,561,66718
Santa Leopoldina,ES,880,3800,880,3800,1108,12077,1259,3178,19961,211582
Santa Maria de Jetibá,ES,2520,80,2520,80,4233,240,1680,3000,84889,4628
Santa Teresa,ES,3605,5790,3605,5790,5293,15808,1468,2730,100114,293040
São Domingos do Norte,ES,0,5560,0,5560,0,13900,0,2500,0,289583
São Gabriel da Palha,ES,0,8381,0,8381,0,19109,0,2280,0,395445
São José do Calçado,ES,1113,218,1113,218,1669,473,1500,2170,32855,9113
São Mateus,ES,0,12800,0,12800,0,26880,0,2100,0,528448
São Roque do Canaã,ES,500,3050,500,3050,900,10248,1800,3360,16426,201986
Serra,ES,0,585,0,585,0,1672,0,2858,0,30491
Sooretama,ES,0,10000,0,10000,0,21600,0,2160,0,351000
Vargem Alta,ES,2850,2600,2850,2600,3762,6300,1320,2423,71722,106911
Venda Nova do Imigrante,ES,3000,0,3000,0,5400,0,1800,0,107321,0
Viana,ES,10,255,10,255,12,459,1200,1800,201,10530
Vila Pavão,ES,0,4100,0,4100,0,9225,0,2250,0,180502
Vila Valério,ES,0,15000,0,15000,0,34200,0,2280,0,569772
Barra do Piraí,RJ,5,0,5,0,6,0,1200,0,120,0
Barra Mansa,RJ,2,0,2,0,1,0,500,0,15,0
Bom Jardim,RJ,1140,0,1140,0,2280,0,2000,0,41724,0
Bom Jesus do Itabapoana,RJ,768,4,768,4,1152,14,1500,3500,22010,275
Cardoso Moreira,RJ,0,5,0,5,0,2,0,400,0,28
Conceição de Macabu,RJ,5,0,5,0,10,0,2000,0,360,0
Duas Barras,RJ,305,0,305,0,641,0,2102,0,9117,0
Itaperuna,RJ,0,15,0,15,0,32,0,2133,0,541
Natividade,RJ,28,3,28,3,42,11,1500,3667,840,220
Petrópolis,RJ,16,0,16,0,12,0,750,0,705,0
Porciúncula,RJ,3900,0,3900,0,6853,0,1757,0,149909,0
Rio Claro,RJ,2,0,2,0,1,0,500,0,13,0
São José de Ubá,RJ,0,4,0,4,0,8,0,2000,0,120
São José do Vale do Rio Preto,RJ,280,0,280,0,630,0,2250,0,12783,0
Trajano de Moraes,RJ,24,0,24,0,48,0,2000,0,740,0
Três Rios,RJ,11,0,11,0,3,0,273,0,292,0
Valença,RJ,8,0,8,0,6,0,750,0,145,0
Varre-Sai,RJ,5000,0,5000,0,7265,0,1453,0,143091,0
Adamantina,SP,500,0,500,0,550,0,1100,0,7425,0
Aguaí,SP,430,0,430,0,800,0,1860,0,20800,0
Águas da Prata,SP,780,0,780,0,1404,0,1800,0,38329,0
Águas de Lindóia,SP,350,0,350,0,420,0,1200,0,7560,0
Águas de Santa Bárbara,SP,44,0,44,0,51,0,1159,0,434,0
Altinópolis,SP,10000,0,10000,0,21000,0,2100,0,420833,0
Alto Alegre,SP,38,0,38,0,18,0,474,0,410,0
Álvaro de Carvalho,SP,750,0,750,0,850,0,1133,0,15725,0
Alvinlândia,SP,860,0,860,0,1550,0,1802,0,28675,0
Américo de Campos,SP,25,0,25,0,15,0,600,0,169,0
Amparo,SP,1036,0,1036,0,1831,0,1767,0,32958,0
Analândia,SP,236,0,236,0,371,0,1572,0,8730,0
Angatuba,SP,23,0,23,0,29,0,1261,0,653,0
Anhumas,SP,108,0,108,0,122,0,1130,0,1278,0
Araçatuba,SP,37,0,37,0,34,0,919,0,442,0
Araçoiaba da Serra,SP,4,0,4,0,8,0,2000,0,80,0
Arandu,SP,1000,0,1000,0,1800,0,1800,0,40500,0
Araraquara,SP,140,0,140,0,588,0,4200,0,13524,0
Araras,SP,218,0,218,0,325,0,1491,0,8450,0
Arco-Íris,SP,6,0,6,0,4,0,667,0,96,0
Areiópolis,SP,72,0,72,0,90,0,1250,0,1440,0
Assis,SP,4,0,4,0,5,0,1250,0,93,0
Atibaia,SP,1,0,1,0,1,0,1000,0,18,0
Avaí,SP,40,0,40,0,48,0,1200,0,1074,0
Avaré,SP,100,0,100,0,90,0,900,0,2025,0
Balbinos,SP,16,0,16,0,14,0,875,0,280,0
Bálsamo,SP,40,0,40,0,19,0,475,0,456,0
Bariri,SP,82,0,82,0,132,0,1610,0,2970,0
Barra do Turvo,SP,3,0,3,0,3,0,1000,0,48,0
Batatais,SP,3000,0,3000,0,4320,0,1440,0,86571,0
Bernardino de Campos,SP,50,0,50,0,60,0,1200,0,1350,0
Bilac,SP,176,0,176,0,170,0,966,0,1275,0
Birigui,SP,30,0,30,0,27,0,900,0,203,0
Boa Esperança do Sul,SP,1,0,1,0,2,0,2000,0,46,0
Bocaina,SP,32,0,32,0,48,0,1500,0,1075,0
Bofete,SP,42,0,42,0,43,0,1024,0,688,0
Boituva,SP,35,0,35,0,52,0,1486,0,475,0
Boracéia,SP,40,0,40,0,54,0,1350,0,1210,0
Borborema,SP,27,0,27,0,54,0,2000,0,1080,0
Botucatu,SP,460,0,460,0,605,0,1315,0,9680,0
Bragança Paulista,SP,300,0,300,0,450,0,1500,0,8100,0
Braúna,SP,47,0,47,0,28,0,596,0,637,0
Brodowski,SP,1100,0,950,0,1870,0,1968,0,46325,0
Brotas,SP,518,0,518,0,829,0,1600,0,18570,0
Buritizal,SP,458,0,458,0,1156,0,2524,0,26180,0
Cabrália Paulista,SP,70,0,70,0,84,0,1200,0,1635,0
Cabreúva,SP,13,0,13,0,16,0,1231,0,136,0
Caconde,SP,8000,0,8000,0,10000,0,1250,0,233330,0
Cafelândia,SP,220,0,220,0,198,0,900,0,4708,0
Caieiras,SP,2,0,2,0,2,0,1000,0,53,0
Cajuru,SP,2000,0,2000,0,3120,0,1560,0,77290,0
Campinas,SP,450,0,450,0,702,0,1560,0,10191,0
Campos Novos Paulista,SP,24,0,24,0,36,0,1500,0,701,0
Cananéia,SP,1,1,1,1,1,1,1000,1000,12,12
Cândido Mota,SP,20,0,20,0,25,0,1250,0,465,0
Casa Branca,SP,160,0,160,0,192,0,1200,0,4320,0
Cássia dos Coqueiros,SP,2800,0,2800,0,3640,0,1300,0,84328,0
Cedral,SP,4,0,4,0,6,0,1500,0,39,0
Cerqueira César,SP,150,0,150,0,188,0,1253,0,4230,0
Clementina,SP,18,0,18,0,9,0,500,0,205,0
Colômbia,SP,6,0,6,0,5,0,833,0,119,0
Cordeirópolis,SP,0,36,0,36,0,76,0,2111,0,2166
Coroados,SP,12,0,12,0,8,0,667,0,120,0
Coronel Macedo,SP,350,0,350,0,499,0,1426,0,8360,0
Corumbataí,SP,36,0,36,0,26,0,722,0,537,0
Cosmorama,SP,40,0,40,0,24,0,600,0,270,0
Cravinhos,SP,30,0,30,0,65,0,2167,0,1610,0
Cristais Paulista,SP,7500,0,7500,0,15300,0,2040,0,382347,0
Cunha,SP,3,0,3,0,5,0,1667,0,58,0
Descalvado,SP,420,0,420,0,425,0,1012,0,7650,0
Divinolândia,SP,4500,0,4500,0,8100,0,1800,0,243000,0
Dois Córregos,SP,3000,0,3000,0,5124,0,1708,0,114778,0
Dourado,SP,105,0,105,0,147,0,1400,0,2793,0
Dracena,SP,48,0,48,0,43,0,896,0,473,0
Duartina,SP,740,0,740,0,2072,0,2800,0,40335,0
Echaporã,SP,30,0,30,0,36,0,1200,0,689,0
Espírito Santo do Pinhal,SP,7400,0,7400,0,14800,0,2000,0,402560,0
Estrela d'Oeste,SP,11,0,11,0,7,0,636,0,99,0
Fartura,SP,2482,0,2482,0,5971,0,2406,0,159229,0
Fernandópolis,SP,5,0,5,0,3,0,600,0,41,0
Fernão,SP,181,0,181,0,186,0,1028,0,3441,0
Flórida Paulista,SP,100,0,100,0,120,0,1200,0,1620,0
Franca,SP,9480,0,9480,0,18960,0,2000,0,625680,0
Gabriel Monteiro,SP,139,0,139,0,151,0,1086,0,1133,0
Gália,SP,2800,0,2800,0,3847,0,1374,0,71170,0
Garça,SP,8300,0,8300,0,11400,0,1373,0,210900,0
Gavião Peixoto,SP,6,0,6,0,10,0,1667,0,230,0
Getulina,SP,51,2,51,2,77,5,1510,2500,1588,133
Glicério,SP,23,0,23,0,17,0,739,0,387,0
Guaiçara,SP,1,0,1,0,1,0,1000,0,19,0
Guaimbê,SP,85,0,85,0,36,0,424,0,720,0
Guará,SP,35,0,35,0,83,0,2371,0,1923,0
Guarantã,SP,195,1,195,1,292,2,1497,2000,6872,43
Guareí,SP,3,0,3,0,6,0,2000,0,135,0
Herculândia,SP,130,0,130,0,78,0,600,0,1865,0
Holambra,SP,15,0,15,0,30,0,2000,0,400,0
Iacri,SP,40,0,40,0,24,0,600,0,574,0
Ibirarema,SP,3,0,3,0,4,0,1333,0,74,0
Ibitinga,SP,24,0,24,0,36,0,1500,0,720,0
Igarapava,SP,106,0,106,0,286,0,2698,0,6625,0
Indaiatuba,SP,125,0,125,0,145,0,1160,0,1131,0
Inúbia Paulista,SP,30,0,30,0,34,0,1133,0,459,0
Ipaussu,SP,6,0,6,0,6,0,1000,0,117,0
Iporanga,SP,4,0,4,0,3,0,750,0,48,0
Irapuru,SP,400,0,400,0,376,0,940,0,5076,0
Itaberá,SP,5,0,5,0,8,0,1600,0,146,0
Itaí,SP,1200,0,1200,0,1440,0,1200,0,32400,0
Itajobi,SP,8,0,8,0,12,0,1500,0,240,0
Itaju,SP,10,0,10,0,10,0,1000,0,224,0
Itaoca,SP,2,0,2,0,2,0,1000,0,33,0
Itapira,SP,970,0,970,0,1086,0,1120,0,11493,0
Itápolis,SP,10,0,10,0,15,0,1500,0,143,0
Itaporanga,SP,96,0,96,0,134,0,1396,0,2742,0
Itapuí,SP,7,0,7,0,7,0,1000,0,157,0
Itatiba,SP,160,0,160,0,312,0,1950,0,4048,0
Itatinga,SP,20,0,20,0,30,0,1500,0,480,0
Itirapina,SP,110,0,110,0,165,0,1500,0,3448,0
Itirapuã,SP,4000,0,4000,0,7040,0,1760,0,234573,0
Itobi,SP,200,0,200,0,265,0,1325,0,6183,0
Itu,SP,68,0,68,0,82,0,1206,0,640,0
Itupeva,SP,4,0,4,0,6,0,1500,0,94,0
Ituverava,SP,313,0,313,0,618,0,1974,0,13915,0
Jaci,SP,20,0,20,0,5,0,250,0,120,0
Jales,SP,6,0,6,0,6,0,1000,0,66,0
Jardinópolis,SP,38,0,38,0,48,0,1263,0,962,0
Jaú,SP,580,0,580,0,899,0,1550,0,20228,0
Jeriquara,SP,4800,0,4800,0,12960,0,2700,0,430272,0
Joanópolis,SP,15,0,15,0,18,0,1200,0,324,0
Júlio Mesquita,SP,20,0,20,0,24,0,1200,0,444,0
Jundiaí,SP,40,0,40,0,51,0,1275,0,398,0
Junqueirópolis,SP,8,0,8,0,8,0,1000,0,88,0
Juquiá,SP,8,0,8,0,6,0,750,0,96,0
Laranjal Paulista,SP,15,0,15,0,18,0,1200,0,165,0
Leme,SP,360,0,360,0,792,0,2200,0,18449,0
Lençóis Paulista,SP,520,0,520,0,780,0,1500,0,17723,0
Limeira,SP,34,0,34,0,36,0,1059,0,986,0
Lindóia,SP,140,0,140,0,170,0,1214,0,3060,0
Lins,SP,14,0,14,0,20,0,1429,0,400,0
Lucélia,SP,78,0,78,0,84,0,1077,0,1109,0
Lucianópolis,SP,80,0,80,0,96,0,1200,0,1869,0
Luís Antônio,SP,50,0,50,0,68,0,1360,0,1684,0
Luiziânia,SP,35,0,35,0,32,0,914,0,728,0
Lupércio,SP,1000,0,1000,0,1137,0,1137,0,21035,0
Macatuba,SP,172,0,172,0,258,0,1500,0,5356,0
Macedônia,SP,60,0,60,0,50,0,833,0,640,0
Manduri,SP,1632,0,1632,0,2938,0,1800,0,66105,0
Mariápolis,SP,110,0,110,0,160,0,1455,0,2120,0
Marília,SP,800,0,800,0,1069,0,1336,0,19777,0
Matão,SP,50,0,50,0,105,0,2100,0,2415,0
Mineiros do Tietê,SP,102,0,102,0,138,0,1353,0,3119,0
Mirandópolis,SP,17,0,17,0,9,0,529,0,180,0
Mococa,SP,2500,0,2500,0,3750,0,1500,0,106249,0
Mogi Guaçu,SP,410,0,410,0,367,0,895,0,3884,0
Monte Alegre do Sul,SP,420,0,420,0,722,0,1719,0,5640,0
Monte Alto,SP,11,0,11,0,17,0,1545,0,169,0
Monte Aprazível,SP,6,0,6,0,7,0,1167,0,168,0
Monte Azul Paulista,SP,123,0,123,0,218,0,1772,0,5001,0
Monte Mor,SP,16,0,16,0,24,0,1500,0,480,0
Morungaba,SP,80,0,80,0,144,0,1800,0,2592,0
Nantes,SP,210,0,210,0,215,0,1024,0,2000,0
Nazaré Paulista,SP,9,10,9,10,13,12,1444,1200,234,192
Neves Paulista,SP,20,0,20,0,40,0,2000,0,960,0
Nova Aliança,SP,7,0,7,0,21,0,3000,0,294,0
Nova Guataporanga,SP,3,0,3,0,3,0,1000,0,33,0
Novais,SP,1,0,1,0,2,0,2000,0,40,0
Novo Horizonte,SP,33,0,33,0,55,0,1667,0,1100,0
Nuporanga,SP,552,0,552,0,1715,0,3107,0,38409,0
Ocauçu,SP,650,0,650,0,1131,0,1740,0,20924,0
Óleo,SP,80,0,80,0,82,0,1025,0,1845,0
Olímpia,SP,5,0,5,0,5,0,1000,0,119,0
Oriente,SP,100,0,100,0,146,0,1460,0,2701,0
Orlândia,SP,371,0,371,0,970,0,2615,0,21796,0
Oscar Bressane,SP,67,0,67,0,121,0,1806,0,2239,0
Osvaldo Cruz,SP,1300,0,1300,0,1147,0,882,0,15485,0
Ourinhos,SP,27,0,27,0,41,0,1519,0,798,0
Ouro Verde,SP,6,0,6,0,5,0,833,0,55,0
Pacaembu,SP,350,0,350,0,323,0,923,0,4361,0
Paraguaçu Paulista,SP,10,0,10,0,7,0,700,0,130,0
Paraíso,SP,1,0,1,0,1,0,1000,0,20,0
Parapuã,SP,1200,0,1200,0,1500,0,1250,0,35874,0
Pardinho,SP,492,0,492,0,585,0,1189,0,9360,0
Pariquera-Açu,SP,0,2,0,2,0,2,0,1000,0,30
Patrocínio Paulista,SP,3679,0,3679,0,8462,0,2300,0,280938,0
Pederneiras,SP,22,0,22,0,22,0,1000,0,492,0
Pedra Bela,SP,72,0,72,0,94,0,1306,0,1692,0
Pedregulho,SP,16500,0,16500,0,31350,0,1900,0,1040820,0
Pedreira,SP,8,0,8,0,8,0,1000,0,144,0
Penápolis,SP,50,0,50,0,36,0,720,0,819,0
Piacatu,SP,16,0,16,0,17,0,1063,0,128,0
Pinhalzinho,SP,70,0,70,0,105,0,1500,0,1890,0
Piracaia,SP,1,0,1,0,1,0,1000,0,18,0
Piraju,SP,1300,0,1300,0,2516,0,1935,0,62900,0
Pirajuí,SP,185,0,185,0,333,0,1800,0,6789,0
Pirangi,SP,17,0,17,0,5,0,294,0,112,0
Pirapozinho,SP,30,0,30,0,31,0,1033,0,290,0
Piratininga,SP,20,0,20,0,24,0,1200,0,537,0
Pitangueiras,SP,4,0,4,0,4,0,1000,0,75,0
Pompéia,SP,98,0,98,0,147,0,1500,0,2990,0
Pongaí,SP,15,0,15,0,18,0,1200,0,450,0
Pontes Gestal,SP,13,0,13,0,8,0,615,0,90,0
Populina,SP,6,0,6,0,3,0,500,0,33,0
Porto Feliz,SP,26,0,26,0,31,0,1192,0,242,0
Potirendaba,SP,10,0,10,0,15,0,1500,0,88,0
Pradópolis,SP,1,0,1,0,1,0,1000,0,19,0
Pratânia,SP,225,0,225,0,262,0,1164,0,4192,0
Presidente Alves,SP,27,0,27,0,30,0,1111,0,667,0
Promissão,SP,30,0,30,0,22,0,733,0,501,0
Quatá,SP,76,0,76,0,75,0,987,0,724,0
Quintana,SP,40,0,40,0,26,0,650,0,622,0
Regente Feijó,SP,80,0,80,0,90,0,1125,0,850,0
Registro,SP,0,3,0,3,0,6,0,2000,0,96
Restinga,SP,2500,0,2500,0,4518,0,1807,0,98041,0
Ribeirão Bonito,SP,48,0,48,0,82,0,1708,0,1558,0
Ribeirão Corrente,SP,7000,0,7000,0,12740,0,1820,0,422968,0
Ribeirão do Sul,SP,440,0,440,0,528,0,1200,0,10278,0
Ribeirão Preto,SP,70,0,70,0,84,0,1200,0,2081,0
Rifaina,SP,30,0,30,0,50,0,1667,0,1666,0
Rinópolis,SP,100,0,100,0,68,0,680,0,1626,0
Rio Claro,SP,17,0,17,0,29,0,1706,0,597,0
Rosana,SP,10,0,10,0,10,0,1000,0,70,0
Sabino,SP,2,0,2,0,4,0,2000,0,96,0
Sagres,SP,125,0,125,0,178,0,1424,0,2332,0
Sales Oliveira,SP,243,0,243,0,437,0,1798,0,9949,0
Salmourão,SP,280,0,280,0,398,0,1421,0,5341,0
Santa Bárbara d'Oeste,SP,24,0,24,0,34,0,1417,0,531,0
Santa Cruz da Esperança,SP,150,0,150,0,270,0,1800,0,7499,0
Santa Cruz das Palmeiras,SP,495,0,495,0,743,0,1501,0,17389,0
Santa Cruz do Rio Pardo,SP,200,0,200,0,144,0,720,0,2803,0
Santa Lúcia,SP,170,0,170,0,306,0,1800,0,7650,0
Santa Rita do Passa Quatro,SP,180,0,180,0,216,0,1200,0,5099,0
Santa Rosa de Viterbo,SP,120,0,120,0,158,0,1317,0,3166,0
Santo Antônio da Alegria,SP,2750,0,2750,0,5225,0,1900,0,130625,0
Santo Antônio de Posse,SP,83,0,83,0,63,0,759,0,667,0
Santo Antônio do Jardim,SP,3720,0,3720,0,7440,0,2000,0,199392,0
Santópolis do Aguapeí,SP,2,0,2,0,1,0,500,0,23,0
São Carlos,SP,700,0,700,0,595,0,850,0,10710,0
São João da Boa Vista,SP,3000,0,3000,0,5400,0,1800,0,144720,0
São João das Duas Pontes,SP,5,0,5,0,5,0,1000,0,69,0
São João do Pau d'Alho,SP,2,0,2,0,2,0,1000,0,22,0
São José da Bela Vista,SP,1480,0,1480,0,2645,0,1787,0,60835,0
São José do Rio Pardo,SP,1300,0,1300,0,2370,0,1823,0,64701,0
São Manuel,SP,815,0,815,0,945,0,1160,0,15120,0
São Paulo,SP,1,0,1,0,1,0,1000,0,25,0
São Pedro,SP,32,0,32,0,33,0,1031,0,682,0
São Pedro do Turvo,SP,230,0,230,0,230,0,1000,0,4477,0
São Sebastião da Grama,SP,5500,0,5500,0,9000,0,1636,0,180000,0
São Simão,SP,30,0,30,0,36,0,1200,0,635,0
Sarutaiá,SP,1700,0,1700,0,2040,0,1200,0,45900,0
Serrana,SP,90,0,90,0,118,0,1311,0,2923,0
Serra Negra,SP,2540,0,2540,0,3658,0,1440,0,65844,0
Sete Barras,SP,2,0,2,0,2,0,1000,0,32,0
Socorro,SP,2700,0,2700,0,4050,0,1500,0,80190,0
Tabatinga,SP,85,0,85,0,168,0,1976,0,3864,0
Taguaí,SP,1960,0,1960,0,4356,0,2222,0,98010,0
Tambaú,SP,200,0,200,0,360,0,1800,0,8384,0
Tanabi,SP,20,0,20,0,24,0,1200,0,288,0
Tapiratiba,SP,1850,0,1850,0,2220,0,1200,0,44400,0
Taquarituba,SP,700,0,700,0,840,0,1200,0,7140,0
Tejupá,SP,4500,0,4500,0,14625,0,3250,0,390049,0
Teodoro Sampaio,SP,50,0,50,0,20,0,400,0,120,0
Timburi,SP,835,0,835,0,1002,0,1200,0,22545,0
Torrinha,SP,1650,0,1650,0,2376,0,1440,0,53460,0
Trabiju,SP,190,0,190,0,800,0,4211,0,20000,0
Tuiuti,SP,40,0,40,0,64,0,1600,0,1152,0
Tupã,SP,140,0,140,0,112,0,800,0,2679,0
Tupi Paulista,SP,20,0,20,0,18,0,900,0,198,0
Ubirajara,SP,200,0,200,0,240,0,1200,0,4672,0
Urânia,SP,3,0,3,0,3,0,1000,0,33,0
Uru,SP,21,0,21,0,38,0,1810,0,684,0
Vargem,SP,5,0,5,0,8,0,1600,0,144,0
Vargem Grande do Sul,SP,420,0,420,0,756,0,1800,0,20261,0
Vera Cruz,SP,2700,0,2700,0,2950,0,1093,0,54575,0
Vinhedo,SP,2,0,2,0,3,0,1500,0,36,0
Votuporanga,SP,10,0,10,0,5,0,500,0,56,0
Chavantes,SP,2,0,2,0,2,0,1000,0,39,0
Estiva Gerbi,SP,2,0,2,0,3,0,1500,0,31,0
Abatiá,PR,260,0,260,0,421,0,1619,0,8847,0
Altônia,PR,71,0,71,0,30,0,423,0,548,0
Alto Paraná,PR,8,0,8,0,8,0,1000,0,160,0
Alvorada do Sul,PR,58,0,58,0,71,0,1224,0,1278,0
Amaporã,PR,1,0,1,0,1,0,1000,0,20,0
Anahy,PR,5,0,5,0,6,0,1200,0,120,0
Andirá,PR,2,0,2,0,3,0,1500,0,63,0
Ângulo,PR,5,0,5,0,6,0,1200,0,130,0
Apucarana,PR,1100,0,1100,0,1782,0,1620,0,36941,0
Arapongas,PR,42,0,42,0,71,0,1690,0,1385,0
Arapoti,PR,80,0,80,0,112,0,1400,0,1707,0
Arapuã,PR,10,0,10,0,10,0,1000,0,200,0
Araruna,PR,70,0,70,0,70,0,1000,0,1277,0
Ariranha do Ivaí,PR,5,0,5,0,5,0,1000,0,100,0
Assaí,PR,200,0,200,0,275,0,1375,0,5500,0
Assis Chateaubriand,PR,10,0,10,0,15,0,1500,0,264,0
Astorga,PR,100,0,100,0,160,0,1600,0,3504,0
Atalaia,PR,2,0,2,0,2,0,1000,0,20,0
Bandeirantes,PR,15,0,15,0,23,0,1533,0,498,0
Barbosa Ferraz,PR,5,0,5,0,3,0,600,0,55,0
Barra do Jacaré,PR,1,0,1,0,1,0,1000,0,21,0
Bela Vista do Paraíso,PR,35,0,35,0,35,0,1000,0,700,0
Bom Sucesso,PR,5,0,5,0,8,0,1600,0,163,0
Borrazópolis,PR,90,0,90,0,99,0,1100,0,1980,0
Braganey,PR,15,0,15,0,16,0,1067,0,320,0
Cafeara,PR,13,0,13,0,57,0,4385,0,570,0
Cafezal do Sul,PR,4,0,4,0,5,0,1250,0,61,0
Califórnia,PR,45,0,45,0,77,0,1711,0,1567,0
Cambará,PR,1,0,1,0,1,0,1000,0,21,0
Cambé,PR,140,0,140,0,154,0,1100,0,3373,0
Cambira,PR,380,0,380,0,646,0,1700,0,13392,0
Campo Mourão,PR,5,0,5,0,3,0,600,0,55,0
Carlópolis,PR,5040,0,5040,0,9324,0,1850,0,196733,0
Centenário do Sul,PR,17,0,17,0,14,0,824,0,140,0
Cianorte,PR,500,0,500,0,1000,0,2000,0,19813,0
Cidade Gaúcha,PR,27,0,27,0,27,0,1000,0,535,0
Congonhinhas,PR,310,0,310,0,148,0,477,0,3110,0
Conselheiro Mairinck,PR,78,0,78,0,121,0,1551,0,2312,0
Corbélia,PR,2,0,2,0,2,0,1000,0,30,0
Cornélio Procópio,PR,198,0,198,0,293,0,1480,0,6325,0
Corumbataí do Sul,PR,40,0,40,0,20,0,500,0,365,0
Cruzeiro do Oeste,PR,32,0,32,0,11,0,344,0,204,0
Cruzeiro do Sul,PR,1,0,1,0,1,0,1000,0,10,0
Cruzmaltina,PR,16,0,16,0,14,0,875,0,280,0
Curiúva,PR,142,0,142,0,170,0,1197,0,3413,0
Diamante do Norte,PR,10,0,10,0,8,0,800,0,160,0
Diamante D'Oeste,PR,5,0,5,0,7,0,1400,0,91,0
Douradina,PR,10,0,10,0,4,0,400,0,71,0
Doutor Camargo,PR,9,0,9,0,9,0,1000,0,194,0
Engenheiro Beltrão,PR,15,0,15,0,15,0,1000,0,274,0
Esperança Nova,PR,8,0,8,0,4,0,500,0,74,0
Faxinal,PR,12,0,12,0,11,0,917,0,220,0
Figueira,PR,102,0,102,0,122,0,1196,0,1233,0
Floraí,PR,15,0,15,0,15,0,1000,0,323,0
Florestópolis,PR,8,0,8,0,8,0,1000,0,180,0
Formosa do Oeste,PR,3,0,3,0,4,0,1333,0,70,0
Godoy Moreira,PR,20,0,20,0,28,0,1400,0,558,0
Grandes Rios,PR,910,0,910,0,1092,0,1200,0,21840,0
Guairaçá,PR,11,0,11,0,17,0,1545,0,340,0
Guapirama,PR,62,0,62,0,90,0,1452,0,1899,0
Ibaiti,PR,1623,0,1623,0,2678,0,1650,0,51178,0
Ibiporã,PR,150,0,150,0,199,0,1327,0,3980,0
Icaraíma,PR,6,0,6,0,2,0,333,0,37,0
Iguaraçu,PR,22,0,22,0,18,0,818,0,370,0
Iguatu,PR,4,0,4,0,5,0,1250,0,100,0
Indianópolis,PR,19,0,19,0,19,0,1000,0,361,0
Iporã,PR,29,0,29,0,8,0,276,0,147,0
Iracema do Oeste,PR,2,0,2,0,2,0,1000,0,35,0
Iretama,PR,15,0,15,0,8,0,533,0,142,0
Itambé,PR,4,0,4,0,3,0,750,0,62,0
Itaúna do Sul,PR,20,0,20,0,20,0,1000,0,400,0
Ivaiporã,PR,360,0,360,0,378,0,1050,0,7560,0
Ivaté,PR,4,0,4,0,2,0,500,0,20,0
Ivatuba,PR,1,0,1,0,1,0,1000,0,22,0
Jaboti,PR,720,0,720,0,1123,0,1560,0,21461,0
Jacarezinho,PR,276,0,276,0,522,0,1891,0,11014,0
Jaguapitã,PR,3,0,3,0,3,0,1000,0,59,0
Jandaia do Sul,PR,260,0,260,0,416,0,1600,0,8465,0
Janiópolis,PR,12,0,12,0,6,0,500,0,109,0
Japira,PR,563,0,563,0,991,0,1760,0,18938,0
Japurá,PR,60,0,60,0,55,0,917,0,990,0
Jardim Alegre,PR,242,0,242,0,242,0,1000,0,4840,0
Jataizinho,PR,7,0,7,0,11,0,1571,0,220,0
Jesuítas,PR,150,0,150,0,225,0,1500,0,3964,0
Joaquim Távora,PR,164,0,164,0,243,0,1482,0,5127,0
Jundiaí do Sul,PR,98,0,98,0,142,0,1449,0,2996,0
Kaloré,PR,2,0,2,0,2,0,1000,0,41,0
Lidianópolis,PR,170,0,170,0,184,0,1082,0,3680,0
Loanda,PR,14,0,14,0,6,0,429,0,120,0
Londrina,PR,450,0,450,0,551,0,1224,0,11020,0
Lunardelli,PR,61,0,61,0,66,0,1082,0,1320,0
Lupionópolis,PR,2,0,2,0,2,0,1000,0,36,0
Mandaguaçu,PR,6,0,6,0,8,0,1333,0,172,0
Mandaguari,PR,700,0,700,0,840,0,1200,0,17707,0
Maria Helena,PR,38,0,38,0,17,0,447,0,311,0
Marialva,PR,84,0,84,0,82,0,976,0,1800,0
Marilândia do Sul,PR,2,0,2,0,2,0,1000,0,41,0
Marilena,PR,9,0,9,0,5,0,556,0,100,0
Maringá,PR,65,0,65,0,52,0,800,0,1099,0
Marumbi,PR,20,0,20,0,32,0,1600,0,651,0
Matelândia,PR,1,0,1,0,2,0,2000,0,40,0
Miraselva,PR,13,0,13,0,11,0,846,0,215,0
Moreira Sales,PR,5,0,5,0,6,0,1200,0,109,0
Munhoz de Melo,PR,8,0,8,0,8,0,1000,0,80,0
Nossa Senhora das Graças,PR,1,0,1,0,1,0,1000,0,10,0
Nova América da Colina,PR,215,0,215,0,322,0,1498,0,7107,0
Nova Esperança,PR,20,0,20,0,20,0,1000,0,400,0
Nova Fátima,PR,410,0,410,0,614,0,1498,0,13327,0
Nova Santa Bárbara,PR,5,0,5,0,8,0,1600,0,174,0
Nova Tebas,PR,1,0,1,0,1,0,1000,0,18,0
Novo Itacolomi,PR,5,0,5,0,8,0,1600,0,163,0
Ortigueira,PR,5,0,5,0,7,0,1400,0,142,0
Ourizona,PR,4,0,4,0,7,0,1750,0,152,0
Paranacity,PR,1,0,1,0,1,0,1000,0,10,0
Paranavaí,PR,24,0,24,0,24,0,1000,0,480,0
Peabiru,PR,5,0,5,0,3,0,600,0,55,0
Perobal,PR,6,0,6,0,2,0,333,0,37,0
Pérola,PR,11,0,11,0,7,0,636,0,130,0
Pinhalão,PR,1946,0,1946,0,3406,0,1750,0,65090,0
Pitangueiras,PR,183,0,183,0,220,0,1202,0,4686,0
Planaltina do Paraná,PR,5,0,5,0,6,0,1200,0,120,0
Porecatu,PR,3,0,3,0,2,0,667,0,39,0
Prado Ferreira,PR,10,0,10,0,10,0,1000,0,225,0
Primeiro de Maio,PR,15,0,15,0,12,0,800,0,240,0
Quatiguá,PR,20,0,20,0,29,0,1450,0,612,0
Querência do Norte,PR,1,0,1,0,2,0,2000,0,40,0
Rancho Alegre,PR,2,0,2,0,3,0,1500,0,64,0
Ribeirão Claro,PR,653,0,653,0,1208,0,1850,0,25488,0
Ribeirão do Pinhal,PR,476,0,476,0,503,0,1057,0,10613,0
Rio Bom,PR,2,0,2,0,2,0,1000,0,41,0
Rio Branco do Ivaí,PR,10,0,10,0,10,0,1000,0,200,0
Rolândia,PR,300,0,300,0,324,0,1080,0,7096,0
Roncador,PR,10,0,10,0,6,0,600,0,108,0
Rondon,PR,34,0,34,0,27,0,794,0,513,0
Rosário do Ivaí,PR,15,0,15,0,18,0,1200,0,360,0
Sabáudia,PR,5,0,5,0,5,0,1000,0,98,0
Salto do Itararé,PR,289,0,289,0,520,0,1799,0,10972,0
Santa Amélia,PR,111,0,111,0,166,0,1495,0,3617,0
Santa Fé,PR,14,0,14,0,14,0,1000,0,140,0
Santa Inês,PR,1,0,1,0,1,0,1000,0,10,0
Santa Mariana,PR,326,0,326,0,488,0,1497,0,10500,0
Santana do Itararé,PR,1,0,1,0,2,0,2000,0,31,0
Santo Antônio da Platina,PR,730,0,730,0,1358,0,1860,0,28653,0
Santo Inácio,PR,3,0,3,0,3,0,1000,0,30,0
São Jerônimo da Serra,PR,778,0,778,0,1167,0,1500,0,25298,0
São João do Caiuá,PR,1,0,1,0,1,0,1000,0,20,0
São João do Ivaí,PR,10,0,10,0,10,0,1000,0,200,0
São Jorge do Patrocínio,PR,219,0,219,0,97,0,443,0,1004,0
São José da Boa Vista,PR,3,0,3,0,4,0,1333,0,64,0
São José das Palmeiras,PR,5,0,5,0,8,0,1600,0,144,0
São Manoel do Paraná,PR,5,0,5,0,4,0,800,0,72,0
São Miguel do Iguaçu,PR,1,0,1,0,1,0,1000,0,19,0
São Pedro do Ivaí,PR,10,0,10,0,12,0,1200,0,244,0
São Pedro do Paraná,PR,2,0,2,0,1,0,500,0,15,0
São Tomé,PR,66,0,66,0,84,0,1273,0,1581,0
Sapopema,PR,150,0,150,0,180,0,1200,0,3614,0
Sarandi,PR,14,0,14,0,11,0,786,0,237,0
Sertaneja,PR,3,0,3,0,5,0,1667,0,110,0
Sertanópolis,PR,35,0,35,0,32,0,914,0,640,0
Siqueira Campos,PR,430,0,430,0,774,0,1800,0,16331,0
Tamarana,PR,50,0,50,0,56,0,1120,0,1120,0
Tamboara,PR,38,0,38,0,57,0,1500,0,1140,0
Tapejara,PR,55,0,55,0,82,0,1491,0,1582,0
Tapira,PR,4,0,4,0,1,0,250,0,19,0
Terra Boa,PR,42,0,42,0,76,0,1810,0,1292,0
Terra Rica,PR,10,0,10,0,9,0,900,0,180,0
Terra Roxa,PR,40,0,40,0,48,0,1200,0,1008,0
Tomazina,PR,1218,0,1218,0,2132,0,1750,0,40743,0
Tuneiras do Oeste,PR,8,0,8,0,6,0,750,0,110,0
Umuarama,PR,20,0,20,0,8,0,400,0,144,0
Uniflor,PR,2,0,2,0,2,0,1000,0,20,0
Uraí,PR,4,0,4,0,6,0,1500,0,130,0
Wenceslau Braz,PR,4,0,4,0,6,0,1500,0,96,0
Alto Paraíso,PR,1,0,1,0,2,0,2000,0,24,0
Xambrê,PR,3,0,3,0,1,0,333,0,19,0
Eldorado,MS,4,0,4,0,3,0,750,0,23,0
Ivinhema,MS,145,0,145,0,70,0,483,0,1517,0
Japorã,MS,1,0,1,0,1,0,1000,0,15,0
Mundo Novo,MS,1,0,1,0,1,0,1000,0,8,0
Novo Horizonte do Sul,MS,4,0,4,0,2,0,500,0,43,0
Sidrolândia,MS,4,0,0,0,0,0,0,0,0,0
Alta Floresta,MT,0,200,0,200,0,120,0,600,0,1680
Apiacás,MT,0,7,0,7,0,7,0,1000,0,68
Aripuanã,MT,0,700,0,700,0,690,0,986,0,11408
Barra do Bugres,MT,0,2,0,2,0,1,0,500,0,17
Carlinda,MT,0,50,0,50,0,30,0,600,0,251
Castanheira,MT,0,35,0,35,0,25,0,714,0,405
Colniza,MT,0,5250,0,5250,0,7188,0,1369,0,134056
Comodoro,MT,0,8,0,8,0,3,0,375,0,51
Cotriguaçu,MT,0,500,0,500,0,702,0,1404,0,12285
Guarantã do Norte,MT,0,6,0,6,0,2,0,333,0,33
Itaúba,MT,0,5,0,5,0,4,0,800,0,66
Itiquira,MT,6,0,0,0,0,0,0,0,0,0
Jauru,MT,0,3,0,3,0,3,0,1000,0,51
Juara,MT,0,100,0,100,0,160,0,1600,0,2637
Juína,MT,5,865,5,865,2,1297,400,1499,37,23346
Juruena,MT,0,60,0,60,0,48,0,800,0,799
Juscimeira,MT,0,1,0,0,0,0,0,0,0,0
Vila Bela da Santíssima Trindade,MT,0,20,0,20,0,14,0,700,0,237
Marcelândia,MT,0,21,0,21,0,13,0,619,0,214
Matupá,MT,0,6,0,6,0,4,0,667,0,66
Nova Bandeirantes,MT,0,700,0,700,0,630,0,900,0,7146
Nova Santa Helena,MT,0,260,0,260,0,156,0,600,0,2571
Nova Canaã do Norte,MT,0,5,0,5,0,5,0,1000,0,60
Novo Mundo,MT,0,10,0,10,0,6,0,600,0,99
Novo Horizonte do Norte,MT,0,150,0,150,0,90,0,600,0,1484
Paranaíta,MT,0,40,0,40,0,40,0,1000,0,520
Peixoto de Azevedo,MT,0,14,0,14,0,8,0,571,0,132
Pontes e Lacerda,MT,0,31,0,31,0,26,0,839,0,440
Porto Estrela,MT,0,2,0,2,0,2,0,1000,0,34
Primavera do Leste,MT,15,0,15,0,23,0,1533,0,322,0
São José dos Quatro Marcos,MT,0,2,0,2,0,2,0,1000,0,34
Santo Afonso,MT,0,2,0,2,0,1,0,500,0,17
Rondolândia,MT,0,270,0,270,0,266,0,985,0,4500
Tabaporã,MT,0,25,0,25,0,16,0,640,0,264
Tangará da Serra,MT,0,80,0,80,0,128,0,1600,0,2166
Nova Monte Verde,MT,0,50,0,50,0,50,0,1000,0,600
Anápolis,GO,30,0,30,0,68,0,2267,0,1323,0
Cabeceiras,GO,1100,0,1100,0,2878,0,2616,0,64836,0
Campo Alegre de Goiás,GO,1104,0,1104,0,3000,0,2717,0,32521,0
Cristalina,GO,2400,0,2400,0,6000,0,2500,0,142732,0
Gameleira de Goiás,GO,15,0,15,0,32,0,2133,0,896,0
Goianira,GO,22,0,22,0,35,0,1591,0,770,0
Inhumas,GO,120,0,120,0,202,0,1683,0,4444,0
Ipameri,GO,509,0,509,0,1120,0,2200,0,13845,0
Niquelândia,GO,275,0,275,0,720,0,2618,0,16992,0
Ouvidor,GO,30,0,30,0,63,0,2100,0,471,0
Paraúna,GO,460,0,460,0,1793,0,3898,0,33153,0
Planaltina,GO,33,0,33,0,96,0,2909,0,2140,0
Santo Antônio do Descoberto,GO,3,0,3,0,6,0,2000,0,140,0
São João d'Aliança,GO,150,0,150,0,438,0,2920,0,9872,0
Silvânia,GO,53,0,53,0,87,0,1642,0,3045,0
Brasília,DF,417,0,417,0,1098,0,2633,0,38430,0
